PO Number,Order Date,Requested Delivery Date,Customer Name,Vendor Name,Sold To ID,Sales Org,Order Type,SO Rule,Ship To ID,Ship To Name,Customer Number,Material Description,Quantity,Unit,Delivery Date,Internal Material Code,Customer Material Code,Extracted Material Code,Customer Group 2,SO Grouping Rule,Employee Responsible,Email Responsible,Sender Email,Source File,Run Timestamp
I34/0000576,31-03-2026,09-04-2026,Sistemas Técnicos del Accesorio y,Envalior B.V.,4020044282,2540,TA,X,4020036662,Envalior Deutschland GmbH Envalior Deutschland GmbH,4020044282,PA 6 LV ENVALIOR DURETHAN B29,22000,KG,09-04-2026,50503,STM-MP-DURB29,STM-MP-DURB29,-,ONE SO PER PO,CHRISTIAN BURWINKEL,CUSTOMERCARE-EU@ENVALIOR.COM,CUSTOMERCARE-EU@ENVALIOR.COM,I34-576.pdf,29-07-2026 23:46
I34/0000577,31-03-2026,10-04-2026,Sistemas Técnicos del Accesorio y,Envalior B.V.,4020044282,2540,TA,X,4020036662,Envalior Deutschland GmbH Envalior Deutschland GmbH,4020044282,PA 6 LV ENVALIOR DURETHAN B29,22000,KG,10-04-2026,50503,STM-MP-DURB29,STM-MP-DURB29,-,ONE SO PER PO,CHRISTIAN BURWINKEL,CUSTOMERCARE-EU@ENVALIOR.COM,CUSTOMERCARE-EU@ENVALIOR.COM,I34-577.pdf,29-07-2026 23:46
I34/0000578,31-03-2026,13-04-2026,Sistemas Técnicos del Accesorio y,Envalior B.V.,4020044282,2540,TA,X,4020036662,Envalior Deutschland GmbH Envalior Deutschland GmbH,4020044282,PA 6 LV ENVALIOR DURETHAN B29,22000,KG,13-04-2026,50503,STM-MP-DURB29,STM-MP-DURB29,-,ONE SO PER PO,CHRISTIAN BURWINKEL,CUSTOMERCARE-EU@ENVALIOR.COM,CUSTOMERCARE-EU@ENVALIOR.COM,I34-578.pdf,29-07-2026 23:46
I34/0000579,31-03-2026,14-04-2026,Sistemas Técnicos del Accesorio y,Envalior B.V.,4020044282,2540,TA,X,4020036662,Envalior Deutschland GmbH Envalior Deutschland GmbH,4020044282,PA 6 LV ENVALIOR DURETHAN B29,22000,KG,14-04-2026,50503,STM-MP-DURB29,STM-MP-DURB29,-,ONE SO PER PO,CHRISTIAN BURWINKEL,CUSTOMERCARE-EU@ENVALIOR.COM,CUSTOMERCARE-EU@ENVALIOR.COM,I34-579.pdf,29-07-2026 23:46
I34/0000580,31-03-2026,14-04-2026,Sistemas Técnicos del Accesorio y,Envalior B.V.,4020044282,2540,TA,X,4020044845,Sistemas Technicos del Accesorio y Sistemas Technicos del Accesorio yComponentes S.L. Componentes S.L.,4020044282,PA 6 LV ENVALIOR DURETHAN B29,22000,KG,14-04-2026,50503,STM-MP-DURB29,STM-MP-DURB29,-,ONE SO PER PO,CHRISTIAN BURWINKEL,CUSTOMERCARE-EU@ENVALIOR.COM,CUSTOMERCARE-EU@ENVALIOR.COM,I34-580.pdf,29-07-2026 23:46
I34/0000581,31-03-2026,15-04-2026,Sistemas Técnicos del Accesorio y,Envalior B.V.,4020044282,2540,TA,X,4020036662,Envalior Deutschland GmbH Envalior Deutschland GmbH,4020044282,PA 6 LV ENVALIOR DURETHAN B29,22000,KG,15-04-2026,50503,STM-MP-DURB29,STM-MP-DURB29,-,ONE SO PER PO,CHRISTIAN BURWINKEL,CUSTOMERCARE-EU@ENVALIOR.COM,CUSTOMERCARE-EU@ENVALIOR.COM,I34-581.pdf,29-07-2026 23:46
849474,26-07-2024,12-08-2026,Mitsubishi Chemical,Envalior B.V.,4020042625,2540,TA,X,4020042625,Mitsubishi Chemical Mitsubishi ChemicalAdvanced Materials B.V. Advanced Materials B.V.,4020042625,"CAPROLACTAM EU, Item No: 06030000976",28000,KG,12-08-2026,53398,6030000976,6030000976,-,ONE SO PER PO,CHRISTIAN BURWINKEL,CUSTOMERCARE-EU@ENVALIOR.COM,CUSTOMERCARE-EU@ENVALIOR.COM,Purchase order _ 849474 - ENVALIOR DEUTSCHLAND BE.pdf,29-07-2026 23:46
26003731,23-07-2026,22-09-2026,UFI FILTERS Czech s.r.o,Envalior B.V.,4020037210,2540,TA,X,4020025277,"DKSH VIETNAM CO LTD DKSH VIETNAM CO LTD23 Doc Lap Boulevard, 23 Doc Lap Boulevard,",4020037210,DUR. DP AKV 50 HR H2.0 900116 Rev.Lev.: A,22000,KG,22-09-2026,51443,33.11,33.11,-,ONE SO PER PO,CHRISTIAN BURWINKEL,CUSTOMERCARE-EU@ENVALIOR.COM,CUSTOMERCARE-EU@ENVALIOR.COM,26003731.pdf,29-07-2026 23:46
450012469,17-10-2025,15-01-2026,Nagase Singapore (Pte) Ltd,Envalior B.V.,4020039258,2780,TA,X,4020039258,Nagase Singapore (Pte) Ltd Nagase Singapore (Pte) Ltd,4020039258,POCAN B 4215 901510 POS013,3000,KG,15-01-2026,50434,POCAN B 4215 901510 POS013,100876583,-,ONE SO PER PO,XUDONG SUN,XUDONG.SUN@ENVALIOR.COM,XUDONG.SUN@ENVALIOR.COM,450012469 Pocan (2).pdf,29-07-2026 23:46
460031761,26-06-2026,24-08-2026,NAGASE SINGAPORE (PTE) LTD,Envalior B.V.,4020011579,2700,TA,X,4020035300,"PT. PLASMOTECH BATAM PT. PLASMOTECH BATAMEXECUTIVE INDUSTRIAL PARK, EXECUTIVE INDUSTRIAL PARK,",4020011579,POCAN BF4239-700350 S103 (ARNITE TV4261SF KN.01.74.),1000,KG,24-08-2026,48511,,100625647,-,ONE SO PER PO,XUDONG SUN,XUDONG.SUN@ENVALIOR.COM,XUDONG.SUN@ENVALIOR.COM,460031761 POCAN BF4239-700350 S103 (3).pdf,29-07-2026 23:46
DEUTSCHE,07-04-2026,25-08-2026,Sistema SRL,Envalior B.V.,4020000177,2500,TA,X,4020040559,SISTEMA S.R.L. SISTEMA S.R.L.,4020000177,STANYL TW241 F10 BLACK,13750,KG,25-08-2026,944,MATP237,MATP237,-,ONE SO PER PO,LIZA BETY,CUSTOMERCARE-EU05@ENVALIOR.COM,CUSTOMERCARE-EU05@ENVALIOR.COM,97.PDF,29-07-2026 23:46
71261759,20-07-2026,19-08-2026,Röchling Industrial Nové Město NM s.r.o,Envalior B.V.,4020042628,2540,TA,X,4020042628,Röchling Industrial Nové Město NM s.r.o Röchling Industrial Nové Město NM s.r.o,4020042628,Caprolactam fluessig,25000,KG,19-08-2026,53398,H16EK00001,H16EK00001,Z01,SEPARATE SO PER ITEM,CHRISTIAN BURWINKEL,CUSTOMERCARE-EU@ENVALIOR.COM,CUSTOMERCARE-EU@ENVALIOR.COM,Bestellung-71261759.pdf,29-07-2026 23:46
71261759,20-07-2026,19-08-2026,Röchling Industrial Nové Město NM s.r.o,Envalior B.V.,4020042628,2540,TA,X,4020042628,Röchling Industrial Nové Město NM s.r.o Röchling Industrial Nové Město NM s.r.o,4020042628,Caprolactam fluessig,25000,KG,24-08-2026,53398,H16EK00001,H16EK00001,Z01,SEPARATE SO PER ITEM,CHRISTIAN BURWINKEL,CUSTOMERCARE-EU@ENVALIOR.COM,CUSTOMERCARE-EU@ENVALIOR.COM,Bestellung-71261759.pdf,29-07-2026 23:46
71261759,20-07-2026,19-08-2026,Röchling Industrial Nové Město NM s.r.o,Envalior B.V.,4020042628,2540,TA,X,4020042628,Röchling Industrial Nové Město NM s.r.o Röchling Industrial Nové Město NM s.r.o,4020042628,Caprolactam fluessig,25000,KG,31-08-2026,53398,H16EK00001,H16EK00001,Z01,SEPARATE SO PER ITEM,CHRISTIAN BURWINKEL,CUSTOMERCARE-EU@ENVALIOR.COM,CUSTOMERCARE-EU@ENVALIOR.COM,Bestellung-71261759.pdf,29-07-2026 23:46
135420,27-07-2026,05-08-2026,TER HELL Plastic GmbH,Envalior B.V.,4020001235,2500,TA,X,4020029465,Globe Tyre Logistics Center Globe Tyre Logistics Center,4020001235,ARNITEL ECO M700 Natural NA99001,20,KG,05-08-2026,34403,,ARNITEL ECO M700,-,ONE SO PER PO,LIZA BETY,CUSTOMERCARE-EU05@ENVALIOR.COM,CUSTOMERCARE-EU05@ENVALIOR.COM,BE_135420.PDF,29-07-2026 23:46
CVN0107414,13-07-2026,01-11-2026,INABATA INDIA PVT LTD,Envalior B.V.,4020027406,2720,TA,X,4020015996,Vijaylaxmi Traders Vijaylaxmi Traders,4020027406,TUFBET BGF30 BLACK,24000,KG,01-11-2026,,,TUFBET BGF30 BLACK,-,ONE SO PER PO,PALLAVI POLKAMWAR,PALLAVI.POLKAMWAR@ENVALIOR.COM,PALLAVI.POLKAMWAR@ENVALIOR.COM,CSG0152081.pdf,29-07-2026 23:46
933/26,21-07-2026,05-10-2026,Caminada s.r.l,Envalior B.V.,4020041633,2545,TA,X,4020041633,Caminada s.r.l. Caminada s.r.l.,4020041633,PBT - POCAN BF 4232 NATURALE,3000,KG,05-10-2026,51413,MP-PBT002A30X0AE0000,MP-PBT002A30X0AE0000,-,ONE SO PER PO,CHRISTIAN BURWINKEL,CUSTOMERCARE-EU@ENVALIOR.COM,CUSTOMERCARE-EU@ENVALIOR.COM,ENVALIOR - ORD. 933.26.PDF,29-07-2026 23:46
WSPO/2026/078,08-05-2026,22-06-2026,Wah Sin Industrial Pte. Ltd,Envalior B.V.,4020038094,2780,TA,X,4020038094,"Wah Sin Industrial Pte. Ltd. Wah Sin Industrial Pte. Ltd.519 Balestier Road, 519 Balestier Road,",4020038094,PA/ N6 DURETHAN BKV 30 H2.0 901510,3000,KG,22-06-2026,50263,PA/ N6 DURETHAN BKV 30 H2.0 901510,BKV 30 H2.0 901510,-,ONE SO PER PO,EMILY NG,EMILY.NG@ENVALIOR.COM,EMILY.NG@ENVALIOR.COM,ENVALIOR PO2026-078.pdf,29-07-2026 23:46
I34/0000576,31-03-2026,09-04-2026,SISTEMAS TECNICOS DEL ACCESORIO Y COMPON,Envalior B.V.,4020020721,2500,TA,X,4020036662,Envalior Deutschland GmbH Envalior Deutschland GmbH,4020020721,PA 6 LV ENVALIOR DURETHAN B29,22000,KG,09-04-2026,,,STM-MP-DURB29,-,ONE SO PER PO,MARCELA CARRASQUILLA,CUSTOMERCARE-EU03@ENVALIOR.COM,CUSTOMERCARE-EU03@ENVALIOR.COM,I34-576.pdf,29-07-2026 23:46
I34/0000577,31-03-2026,10-04-2026,SISTEMAS TECNICOS DEL ACCESORIO Y COMPON,Envalior B.V.,4020020721,2500,TA,X,4020036662,Envalior Deutschland GmbH Envalior Deutschland GmbH,4020020721,PA 6 LV ENVALIOR DURETHAN B29,22000,KG,10-04-2026,,,STM-MP-DURB29,-,ONE SO PER PO,MARCELA CARRASQUILLA,CUSTOMERCARE-EU03@ENVALIOR.COM,CUSTOMERCARE-EU03@ENVALIOR.COM,I34-577.pdf,29-07-2026 23:46
I34/0000578,31-03-2026,13-04-2026,SISTEMAS TECNICOS DEL ACCESORIO Y COMPON,Envalior B.V.,4020020721,2500,TA,X,4020036662,Envalior Deutschland GmbH Envalior Deutschland GmbH,4020020721,PA 6 LV ENVALIOR DURETHAN B29,22000,KG,13-04-2026,,,STM-MP-DURB29,-,ONE SO PER PO,MARCELA CARRASQUILLA,CUSTOMERCARE-EU03@ENVALIOR.COM,CUSTOMERCARE-EU03@ENVALIOR.COM,I34-578.pdf,29-07-2026 23:46
I34/0000579,31-03-2026,14-04-2026,SISTEMAS TECNICOS DEL ACCESORIO Y COMPON,Envalior B.V.,4020020721,2500,TA,X,4020036662,Envalior Deutschland GmbH Envalior Deutschland GmbH,4020020721,PA 6 LV ENVALIOR DURETHAN B29,22000,KG,14-04-2026,,,STM-MP-DURB29,-,ONE SO PER PO,MARCELA CARRASQUILLA,CUSTOMERCARE-EU03@ENVALIOR.COM,CUSTOMERCARE-EU03@ENVALIOR.COM,I34-579.pdf,29-07-2026 23:46
I34/0000580,31-03-2026,14-04-2026,SISTEMAS TECNICOS DEL ACCESORIO Y COMPON,Envalior B.V.,4020020721,2500,TA,X,4020044845,Sistemas Technicos del Accesorio y Sistemas Technicos del Accesorio yComponentes S.L. Componentes S.L.,4020020721,PA 6 LV ENVALIOR DURETHAN B29,22000,KG,14-04-2026,,,STM-MP-DURB29,-,ONE SO PER PO,MARCELA CARRASQUILLA,CUSTOMERCARE-EU03@ENVALIOR.COM,CUSTOMERCARE-EU03@ENVALIOR.COM,I34-580.pdf,29-07-2026 23:46
I34/0000581,31-03-2026,15-04-2026,SISTEMAS TECNICOS DEL ACCESORIO Y COMPON,Envalior B.V.,4020020721,2500,TA,X,4020036662,Envalior Deutschland GmbH Envalior Deutschland GmbH,4020020721,PA 6 LV ENVALIOR DURETHAN B29,22000,KG,15-04-2026,,,STM-MP-DURB29,-,ONE SO PER PO,MARCELA CARRASQUILLA,CUSTOMERCARE-EU03@ENVALIOR.COM,CUSTOMERCARE-EU03@ENVALIOR.COM,I34-581.pdf,29-07-2026 23:46
M01Y-010-05326009,03-04-2026,15-06-2026,"LS ELECTRIC Co., Ltd.",Envalior B.V.,4020038206,2780,TA,X,4020038206,"LS ELECTRIC Co., Ltd. LS ELECTRIC Co., Ltd.",4020038206,"RESIN,PA66,DP2851/30 H3.0 GF30%,LIGHT GRAY,V0,LANXESS(703127)",10000,KG,15-06-2026,51113,"RESIN,PA66,DP2851/30 H3.0 GF30%,LIG",41810000355,-,ONE SO PER PO,CLARE JIN,CLARE.JIN@ENVALIOR.COM,CLARE.JIN@ENVALIOR.COM,IMPORT_PO_M01Y-010-05326009 (1).pdf,29-07-2026 23:46
516,06-05-2026,27-07-2026,LOGITAL S.R.L.,Envalior B.V.,,,TA,X,,,,PA AKULON ® K223-KMV6 KN.01.74. 71103 GREY 25KG - BTICINO COD. MP/27250,3750,KG,27-07-2026,,,Akulon K223-KMV6 KN.01.74. 71103 GREY,,ONE SO PER PO,,CustomerCare-EU@envalior.com,CustomerCare-EU@envalior.com,OA LOGITAL NO 516-2026.pdf,29-07-2026 23:46
P000073171,24-07-2026,11-08-2026,Nylacast Engineered Products Limited,Envalior B.V.,4020042819,2540,TA,X,4020042456,Viva Nylons Limited Viva Nylons Limited,4020042819,LIQUID CAPROLACTAM / CAPROLACTAM LIQUID,27000,KG,11-08-2026,53398,NYLACHEM38,NYLACHEM38,-,ONE SO PER PO,CHRISTIAN BURWINKEL,CUSTOMERCARE-EU@ENVALIOR.COM,CUSTOMERCARE-EU@ENVALIOR.COM,P000073171.pdf,29-07-2026 23:46
PA2026143,29-04-2026,08-06-2026,Planet Asia Pte Ltd,Envalior B.V.,4020038225,2780,TA,X,4020038108,Planet Asia Pte Ltd Planet Asia Pte Ltd,4020038225,Durethan BKV60H2.0EF 900116 M60R1 (ECO grade),10000,KG,08-06-2026,60284,BKV60H2.0EF 900116 M60R1,Durethan BKV60H2.0EF 900116 M60R1,-,ONE SO PER PO,XUDONG SUN,XUDONG.SUN@ENVALIOR.COM,XUDONG.SUN@ENVALIOR.COM,PA2026143 Envalior Durethan ECO grade.pdf,29-07-2026 23:46
PO-04749,28-04-2026,01-10-2026,SECO TECHNOLOGY SDN BHD,Envalior B.V.,4020045040,2730,TA,X,4020045050,PT LB TECHNOLOGIES BATAM PT LB TECHNOLOGIES BATAMKOMPLEK SARANA INDUSTRIAL POINT KOMPLEK SARANA INDUSTRIAL POINT,4020045040,ARNITE T06200 GN50301 SE GREEN 2 POCAN B1906 650153 **ETA ON JULY,200,KG,,43570,POCAN B1906 650153,ARNITE T06200,-,ONE SO PER PO,XUDONG SUN,XUDONG.SUN@ENVALIOR.COM,XUDONG.SUN@ENVALIOR.COM,PO-04749-REVISED ITEM 1 (1).pdf,29-07-2026 23:46
PO-04749,28-04-2026,01-10-2026,SECO TECHNOLOGY SDN BHD,Envalior B.V.,4020045040,2730,TA,X,4020045050,PT LB TECHNOLOGIES BATAM PT LB TECHNOLOGIES BATAMKOMPLEK SARANA INDUSTRIAL POINT KOMPLEK SARANA INDUSTRIAL POINT,4020045040,PBT ARNITE T06200 GREY S20622 ARNITE T06 200/D S2.06.22 ** ETA ON 1ST AUG,5000,KG,,22543,T06200D\S2.06.22,ARNITE T06200 (RL7016),-,ONE SO PER PO,XUDONG SUN,XUDONG.SUN@ENVALIOR.COM,XUDONG.SUN@ENVALIOR.COM,PO-04749-REVISED ITEM 1 (1).pdf,29-07-2026 23:46
PO-04749,28-04-2026,01-10-2026,SECO TECHNOLOGY SDN BHD,Envalior B.V.,4020045040,2730,TA,X,4020045050,PT LB TECHNOLOGIES BATAM PT LB TECHNOLOGIES BATAMKOMPLEK SARANA INDUSTRIAL POINT KOMPLEK SARANA INDUSTRIAL POINT,4020045040,ARNITE TV4 264 SN F8.04.82 WHITE POCAN BF4232 S101 010190 **ETA ON END AUG,10000,KG,,48506,ARNITE TV4264 SN F8.04.82 WHITE,ARNITE TV4 264,-,ONE SO PER PO,XUDONG SUN,XUDONG.SUN@ENVALIOR.COM,XUDONG.SUN@ENVALIOR.COM,PO-04749-REVISED ITEM 1 (1).pdf,29-07-2026 23:46
PO-04900,02-07-2026,01-02-2025,One City Centre,Envalior B.V.,,,TA,X,,,,AKULON K225 KS / Durethan B30SFN32 703435 BC100N Grey,1000,KG,01-02-2025,,,GY34011,,ONE SO PER PO,,CustomerCare-EU@envalior.com,CustomerCare-EU@envalior.com,PO-04900 ENVALIOR (1).pdf,29-07-2026 23:46
11750120,17-04-2026,15-07-2025,Pegasus Polymers Pte. Ltd,Envalior B.V.,4020030911,2720,TA,X,4020030911,Pegasus Polymers Pte. Ltd. Pegasus Polymers Pte. Ltd.,4020030911,Akulon K222-KGV4/BK25019 / Durethan BKV20FN21 90011 BLACK BK25019,200,KG,15-07-2025,21161,BKV20FN21 90011 BLACK BK25019,BKV20FN21 90011 BLACK BK25019,-,ONE SO PER PO,XUDONG SUN,XUDONG.SUN@ENVALIOR.COM,XUDONG.SUN@ENVALIOR.COM,Purchase Order  (11750120) (1).pdf,29-07-2026 23:46
11861686,02-06-2026,30-07-2026,Pegasus Polymers Pte. Ltd,Envalior B.V.,4020038865,2780,TA,X,4020038865,Pegasus Polymers Pte. Ltd. Pegasus Polymers Pte. Ltd.,4020038865,EcoPaXX Q-150D BLACK BK00001; Supplier Product Reference: 46684,1600,KG,30-07-2026,,,EcoPaXX Q-150D BLACK BK00001,-,ONE SO PER PO,EMILY NG,EMILY.NG@ENVALIOR.COM,EMILY.NG@ENVALIOR.COM,Purchase Order  (11861686)-1.pdf,29-07-2026 23:46
11923197,02-07-2026,15-07-2026,Pegasus Polymers Pte. Ltd,Envalior B.V.,4020030911,2700,TA,X,4020036473,Naigai Nitto (S) Pte Ltd Naigai Nitto (S) Pte Ltd,4020030911,Stanyl TW241 F12 NATURAL NA99001,50,KG,15-07-2026,43590,,Stanyl TW241 F12 NATURAL NA99001,-,ONE SO PER PO,XUDONG SUN,XUDONG.SUN@ENVALIOR.COM,XUDONG.SUN@ENVALIOR.COM,Purchase Order  (11923197) (1).pdf,29-07-2026 23:46
11965102,21-07-2026,25-08-2026,Ravago Italia SpA,Envalior B.V.,4020040048,2545,TA,X,4020042719,Ravago Italia SpA Ravago Italia SpA,4020040048,Durethan P27 NATURAL 000000,22000,KG,25-08-2026,61620,55272,Durethan P27 NATURAL 000000,-,ONE SO PER PO,CHRISTIAN BURWINKEL,CUSTOMERCARE-EU@ENVALIOR.COM,CUSTOMERCARE-EU@ENVALIOR.COM,Purchase Order  (11965102).pdf,29-07-2026 23:46
14029941,16-07-2026,28-08-2026,Stigma UAB,Envalior B.V.,4020039689,2500,TA,X,4020039689,Stigma UAB Stigma UAB,4020039689,PA-6 Durethan BKV230D (Akulon K224-PG6),4125,KG,28-08-2026,19573,PA-6_16,PA-6_16,-,ONE SO PER PO,LIZA BETY,CUSTOMERCARE-EU05@ENVALIOR.COM,CUSTOMERCARE-EU05@ENVALIOR.COM,Purchase order 14945 (1).pdf,29-07-2026 23:46
4406342278,24-07-2026,17-09-2026,A. Schulman GmbH,Envalior B.V.,4020042164,2540,TA,X,4020042164,A. Schulman GmbH A. Schulman GmbH,4020042164,PA 6 MV DURETHAN P27 PEL BT ENVALIOR,25000,KG,17-09-2026,53380,2077710,2077710,-,ONE SO PER PO,CHRISTIAN BURWINKEL,CUSTOMERCARE-EU@ENVALIOR.COM,CUSTOMERCARE-EU@ENVALIOR.COM,Purchase Order 4406342278.PDF,29-07-2026 23:46
849474,26-07-2024,12-08-2026,Mitsubishi Chemical Advanced Materials,Envalior B.V.,4020000669,2500,TA,X,4020042625,Mitsubishi Chemical Mitsubishi ChemicalAdvanced Materials B.V. Advanced Materials B.V.,4020000669,"CAPROLACTAM EU, Item No: 06030000976",28000,KG,12-08-2026,5028468,,6030000976,-,ONE SO PER PO,DANIA KAAKI,CUSTOMERCARE-EU02@ENVALIOR.COM,CUSTOMERCARE-EU02@ENVALIOR.COM,Purchase order _ 849474 - ENVALIOR DEUTSCHLAND BE.pdf,29-07-2026 23:46
201994,22-07-2026,16-09-2026,Fraenkische CZ s.r.o,Envalior B.V.,4020004231,2500,TA,X,4020004231,Fraenkische CZ s.r.o. Fraenkische CZ s.r.o.,4020004231,TPC ARNITEL PB500-H,1250,KG,16-09-2026,24554,909737,909737,-,ONE SO PER PO,CHRISTIAN BURWINKEL,CUSTOMERCARE-EU@ENVALIOR.COM,CUSTOMERCARE-EU@ENVALIOR.COM,YYBST13D.pdf,29-07-2026 23:46
PON-2607-0002,01-07-2026,30-07-2026,Tetro Ltd,Envalior B.V.,4020022539,2700,TA,X,4020037263,东莞泰都实业有限公司 东莞泰都实业有限公司,4020022539,PA6+30%GF BKV30 000000 DUS800(K224-G6) Natural,10000,KG,30-07-2026,15040,50016819,50016819,-,ONE SO PER PO,JERRY LIU,JERRY.LIU@ENVALIOR.COM,JERRY.LIU@ENVALIOR.COM,恩骅力PON-2607-0002 (2).pdf,29-07-2026 23:46
4675827,08-12-2025,21-01-2026,Ecoform Multifol Verpackungsfolien,Envalior B.V.,4020000777,2500,TA,X,4020033707,Dachser SE,4020000777,PA-AKULON F132-E1 SILO DSM,25000,KG,21-01-2026,61567,8305515,8305515,Z01,ONE SO PER PO,,,,Ecoform Multifol (Sold-to 4020000777 - Material 11284).PDF,29-07-2026 23:46
4675827,08-12-2025,21-01-2026,Ecoform Multifol Verpackungsfolien,Envalior B.V.,4020000777,2500,TA,X,4020033707,Dachser SE,4020000777,PA-AKULON F132-E1 SILO DSM,25000,KG,22-01-2026,61567,8305515,8305515,Z01,ONE SO PER PO,,,,Ecoform Multifol (Sold-to 4020000777 - Material 11284).PDF,29-07-2026 23:46
4675827,08-12-2025,21-01-2026,Ecoform Multifol Verpackungsfolien,Envalior B.V.,4020000777,2500,TA,X,4020033707,Dachser SE,4020000777,PA-AKULON F132-E1 SILO DSM,25000,KG,23-01-2026,61567,8305515,8305515,Z01,ONE SO PER PO,,,,Ecoform Multifol (Sold-to 4020000777 - Material 11284).PDF,29-07-2026 23:46
4675827,08-12-2025,21-01-2026,Ecoform Multifol Verpackungsfolien,Envalior B.V.,4020000777,2500,TA,X,4020033707,Dachser SE,4020000777,PA-AKULON F132-E1 SILO DSM,25000,KG,26-01-2026,61567,8305515,8305515,Z01,ONE SO PER PO,,,,Ecoform Multifol (Sold-to 4020000777 - Material 11284).PDF,29-07-2026 23:46
4675827,08-12-2025,21-01-2026,Ecoform Multifol Verpackungsfolien,Envalior B.V.,4020000777,2500,TA,X,4020033707,Dachser SE,4020000777,PA-AKULON F132-E1 SILO DSM,25000,KG,27-01-2026,61567,8305515,8305515,Z01,ONE SO PER PO,,,,Ecoform Multifol (Sold-to 4020000777 - Material 11284).PDF,29-07-2026 23:46
4675827,08-12-2025,21-01-2026,Ecoform Multifol Verpackungsfolien,Envalior B.V.,4020000777,2500,TA,X,4020033707,Dachser SE,4020000777,PA-AKULON F132-E1 SILO DSM,25000,KG,28-01-2026,61567,8305515,8305515,Z01,ONE SO PER PO,,,,Ecoform Multifol (Sold-to 4020000777 - Material 11284).PDF,29-07-2026 23:46
1.2102E+11,20-10-2025,03-12-2025,FOXCONN (KUNSHAN) COMPUTER CONNECTO,Envalior B.V.,4020010339,2730,TA,X,4020010498,FOXCONN (KUNSHAN) COMPUTER CONNECTO,4020010339,"塑膠粒 H25 Purple 3-PM18, TS200F6/A MB_VI62100 入庫倉:MBK10NFT",1000,kg,03-12-2025,61026,901-42R2-002,901-42R2-002,-,SEPARATE SO PER ITEM,,,,FOXCONN (Sold-to 4020010339 - Materials 61026+60900+60993).pdf,29-07-2026 23:46
1.2102E+11,20-10-2025,03-12-2025,FOXCONN (KUNSHAN) COMPUTER CONNECTO,Envalior B.V.,4020010339,2730,TA,X,4020010498,FOXCONN (KUNSHAN) COMPUTER CONNECTO,4020010339,"塑膠粒 H25 Black 7-PM6, TS200F6/A MB, BK29036 入庫倉:MBK10NFT",1000,kg,03-12-2025,60900,901-44R2-002,901-44R2-002,-,SEPARATE SO PER ITEM,,,,FOXCONN (Sold-to 4020010339 - Materials 61026+60900+60993).pdf,29-07-2026 23:46
1.2102E+11,20-10-2025,03-12-2025,FOXCONN (KUNSHAN) COMPUTER CONNECTO,Envalior B.V.,4020010339,2730,TA,X,4020010498,FOXCONN (KUNSHAN) COMPUTER CONNECTO,4020010339,Stanyl TS200F6 A-MB H25 Orange 2-PM6_OR63400 入庫倉:MBK10NFT,1000,kg,03-12-2025,60993,901-51R2-002,901-51R2-002,-,SEPARATE SO PER ITEM,,,,FOXCONN (Sold-to 4020010339 - Materials 61026+60900+60993).pdf,29-07-2026 23:46
BE25-00614,17-09-2025,14-10-2025,VF Verpackungen GmbH,Envalior B.V.,4020000825,2500,TA,X,4020007257,VF-Verpackungen GmbH,4020000825,F 132-E1,24000,KG,14-10-2025,61567,111102 SILO,111102,Z01,ONE SO PER PO,,,,BestellungBE25-00614_20260211164808.475_X.pdf,29-07-2026 23:46
BE25-00614,17-09-2025,14-10-2025,VF Verpackungen GmbH,Envalior B.V.,4020000825,2500,TA,X,4020007257,VF-Verpackungen GmbH,4020000825,F 132-E1,24000,KG,16-10-2025,61567,111102 SILO,111102,Z01,ONE SO PER PO,,,,BestellungBE25-00614_20260211164808.475_X.pdf,29-07-2026 23:46
BE25-00614,17-09-2025,14-10-2025,VF Verpackungen GmbH,Envalior B.V.,4020000825,2500,TA,X,4020007257,VF-Verpackungen GmbH,4020000825,F 132-E1,24000,KG,21-10-2025,61567,111102 SILO,111102,Z01,ONE SO PER PO,,,,BestellungBE25-00614_20260211164808.475_X.pdf,29-07-2026 23:46
BE25-00614,17-09-2025,14-10-2025,VF Verpackungen GmbH,Envalior B.V.,4020000825,2500,TA,X,4020007257,VF-Verpackungen GmbH,4020000825,F 132-E1,24000,KG,28-10-2025,61567,111102 SILO,111102,Z01,ONE SO PER PO,,,,BestellungBE25-00614_20260211164808.475_X.pdf,29-07-2026 23:46
BE-26-00192,15-01-2026,03-02-2026,MF Folien GmbH,Envalior B.V.,4020001301,2500,TA,X,4020001301,MF Folien GmbH,4020001301,Akulon F130-C2,27000,KG,03-02-2026,61571,AKULON F130-C2,Akulon F130-C2,Z01,ONE SO PER PO,,,,Bestellung BE-26-00192.pdf,29-07-2026 23:46
BE-26-00192,15-01-2026,03-02-2026,MF Folien GmbH,Envalior B.V.,4020001301,2500,TA,X,4020001301,MF Folien GmbH,4020001301,Akulon F130-C2,27000,KG,05-02-2026,61571,AKULON F130-C2,Akulon F130-C2,Z01,ONE SO PER PO,,,,Bestellung BE-26-00192.pdf,29-07-2026 23:46
BE-26-00192,15-01-2026,03-02-2026,MF Folien GmbH,Envalior B.V.,4020001301,2500,TA,X,4020001301,MF Folien GmbH,4020001301,Akulon F130-C2,27000,KG,10-02-2026,61571,AKULON F130-C2,Akulon F130-C2,Z01,ONE SO PER PO,,,,Bestellung BE-26-00192.pdf,29-07-2026 23:46
BE-26-00192,15-01-2026,03-02-2026,MF Folien GmbH,Envalior B.V.,4020001301,2500,TA,X,4020001301,MF Folien GmbH,4020001301,Akulon F130-C2,27000,KG,12-02-2026,61571,AKULON F130-C2,Akulon F130-C2,Z01,ONE SO PER PO,,,,Bestellung BE-26-00192.pdf,29-07-2026 23:46
BE-26-00192,15-01-2026,03-02-2026,MF Folien GmbH,Envalior B.V.,4020001301,2500,TA,X,4020001301,MF Folien GmbH,4020001301,Akulon F130-C2,27000,KG,17-02-2026,61571,AKULON F130-C2,Akulon F130-C2,Z01,ONE SO PER PO,,,,Bestellung BE-26-00192.pdf,29-07-2026 23:46
BE-26-00192,15-01-2026,03-02-2026,MF Folien GmbH,Envalior B.V.,4020001301,2500,TA,X,4020001301,MF Folien GmbH,4020001301,Akulon F130-C2,27000,KG,19-02-2026,61571,AKULON F130-C2,Akulon F130-C2,Z01,ONE SO PER PO,,,,Bestellung BE-26-00192.pdf,29-07-2026 23:46
BE-26-00192,15-01-2026,03-02-2026,MF Folien GmbH,Envalior B.V.,4020001301,2500,TA,X,4020001301,MF Folien GmbH,4020001301,Akulon F130-C2,27000,KG,24-02-2026,61571,AKULON F130-C2,Akulon F130-C2,Z01,ONE SO PER PO,,,,Bestellung BE-26-00192.pdf,29-07-2026 23:46
BE-26-00192,15-01-2026,03-02-2026,MF Folien GmbH,Envalior B.V.,4020001301,2500,TA,X,4020001301,MF Folien GmbH,4020001301,Akulon F130-C2,27000,KG,26-02-2026,61571,AKULON F130-C2,Akulon F130-C2,Z01,ONE SO PER PO,,,,Bestellung BE-26-00192.pdf,29-07-2026 23:46
BE-25-02803,01-12-2025,12-12-2025,MF Folien GmbH,Envalior B.V.,4020001301,2500,TA,X,4020001301,MF Folien GmbH,4020001301,Akulon F130-C2,25000,KG,12-12-2025,61571,AKULON F130-C2,Akulon F130-C2,Z01,ONE SO PER PO,,,,MF Folien (Sold-to 4020001301 - Material 14885).pdf,29-07-2026 23:46
BE-25-02803,01-12-2025,12-12-2025,MF Folien GmbH,Envalior B.V.,4020001301,2500,TA,X,4020001301,MF Folien GmbH,4020001301,Akulon F130-C2,25000,KG,15-12-2025,61571,AKULON F130-C2,Akulon F130-C2,Z01,ONE SO PER PO,,,,MF Folien (Sold-to 4020001301 - Material 14885).pdf,29-07-2026 23:46
BE-25-02803,01-12-2025,12-12-2025,MF Folien GmbH,Envalior B.V.,4020001301,2500,TA,X,4020001301,MF Folien GmbH,4020001301,Akulon F130-C2,25000,KG,16-12-2025,61571,AKULON F130-C2,Akulon F130-C2,Z01,ONE SO PER PO,,,,MF Folien (Sold-to 4020001301 - Material 14885).pdf,29-07-2026 23:46
1014235554,11-12-2025,05-02-2026,上海莫仕连接器有限公司,Envalior B.V.,4020010375,2700,TA,X,4020034958,莫仕上海DSV仓库,4020010375,PA66 BLACK UL94V-0,2000,KG,05-02-2026,45505,899922173,899922173,-,SEPARATE SO PER ITEM,,,,Molex PO1014235554_20251211_042406.pdf,29-07-2026 23:46
1014235576,11-12-2025,15-02-2026,上海莫仕连接器有限公司,Envalior B.V.,4020010375,2700,TA,X,4020034958,莫仕上海DSV仓库,4020010375,PA66 BLACK UL94V-0,3000,KG,15-02-2026,45505,899922173,899922173,-,SEPARATE SO PER ITEM,,,,Molex PO1014235576_20251211_042446.pdf,29-07-2026 23:46
BE25-00763,13-11-2025,01-12-2025,VF Verpackungen GmbH,Envalior B.V.,4020000825,2500,TA,X,4020007257,VF-Verpackungen GmbH,4020000825,F 132-E1,25000,KG,01-12-2025,61567,111102 SILO,11110201,Z01,ONE SO PER PO,,,,Niederwieser (Sold-to 4020000825 - Material 11284).pdf,29-07-2026 23:46
BE25-00763,13-11-2025,01-12-2025,VF Verpackungen GmbH,Envalior B.V.,4020000825,2500,TA,X,4020007257,VF-Verpackungen GmbH,4020000825,F 132-E1,25000,KG,03-12-2025,61567,111102 SILO,11110201,Z01,ONE SO PER PO,,,,Niederwieser (Sold-to 4020000825 - Material 11284).pdf,29-07-2026 23:46
BE25-00763,13-11-2025,01-12-2025,VF Verpackungen GmbH,Envalior B.V.,4020000825,2500,TA,X,4020007257,VF-Verpackungen GmbH,4020000825,F 132-E1,25000,KG,04-12-2025,61567,111102 SILO,11110201,Z01,ONE SO PER PO,,,,Niederwieser (Sold-to 4020000825 - Material 11284).pdf,29-07-2026 23:46
BE25-00763,13-11-2025,01-12-2025,VF Verpackungen GmbH,Envalior B.V.,4020000825,2500,TA,X,4020007257,VF-Verpackungen GmbH,4020000825,F 132-E1,25000,KG,05-12-2025,61567,111102 SILO,11110201,Z01,ONE SO PER PO,,,,Niederwieser (Sold-to 4020000825 - Material 11284).pdf,29-07-2026 23:46
BE25-00763,13-11-2025,01-12-2025,VF Verpackungen GmbH,Envalior B.V.,4020000825,2500,TA,X,4020007257,VF-Verpackungen GmbH,4020000825,F 132-E1,25000,KG,08-12-2025,61567,111102 SILO,11110201,Z01,ONE SO PER PO,,,,Niederwieser (Sold-to 4020000825 - Material 11284).pdf,29-07-2026 23:46
BE25-00763,13-11-2025,01-12-2025,VF Verpackungen GmbH,Envalior B.V.,4020000825,2500,TA,X,4020007257,VF-Verpackungen GmbH,4020000825,F 132-E1,25000,KG,09-12-2025,61567,111102 SILO,11110201,Z01,ONE SO PER PO,,,,Niederwieser (Sold-to 4020000825 - Material 11284).pdf,29-07-2026 23:46
BE25-00763,13-11-2025,01-12-2025,VF Verpackungen GmbH,Envalior B.V.,4020000825,2500,TA,X,4020007257,VF-Verpackungen GmbH,4020000825,F 132-E1,25000,KG,10-12-2025,61567,111102 SILO,11110201,Z01,ONE SO PER PO,,,,Niederwieser (Sold-to 4020000825 - Material 11284).pdf,29-07-2026 23:46
BE25-00763,13-11-2025,01-12-2025,VF Verpackungen GmbH,Envalior B.V.,4020000825,2500,TA,X,4020007257,VF-Verpackungen GmbH,4020000825,F 132-E1,25000,KG,11-12-2025,61567,111102 SILO,11110201,Z01,ONE SO PER PO,,,,Niederwieser (Sold-to 4020000825 - Material 11284).pdf,29-07-2026 23:46
BE25-00763,13-11-2025,01-12-2025,VF Verpackungen GmbH,Envalior B.V.,4020000825,2500,TA,X,4020007257,VF-Verpackungen GmbH,4020000825,F 132-E1,25000,KG,12-12-2025,61567,111102 SILO,11110201,Z01,ONE SO PER PO,,,,Niederwieser (Sold-to 4020000825 - Material 11284).pdf,29-07-2026 23:46
BE25-00763,13-11-2025,01-12-2025,VF Verpackungen GmbH,Envalior B.V.,4020000825,2500,TA,X,4020007257,VF-Verpackungen GmbH,4020000825,F 132-E1,25000,KG,15-12-2025,61567,111102 SILO,11110201,Z01,ONE SO PER PO,,,,Niederwieser (Sold-to 4020000825 - Material 11284).pdf,29-07-2026 23:46
BE25-00763,13-11-2025,01-12-2025,VF Verpackungen GmbH,Envalior B.V.,4020000825,2500,TA,X,4020007257,VF-Verpackungen GmbH,4020000825,F 132-E1,25000,KG,17-12-2025,61567,111102 SILO,11110201,Z01,ONE SO PER PO,,,,Niederwieser (Sold-to 4020000825 - Material 11284).pdf,29-07-2026 23:46
BE25-00763,13-11-2025,01-12-2025,VF Verpackungen GmbH,Envalior B.V.,4020000825,2500,TA,X,4020007257,VF-Verpackungen GmbH,4020000825,F 132-E1,25000,KG,18-12-2025,61567,111102 SILO,11110201,Z01,ONE SO PER PO,,,,Niederwieser (Sold-to 4020000825 - Material 11284).pdf,29-07-2026 23:46
BE25-00763,13-11-2025,01-12-2025,VF Verpackungen GmbH,Envalior B.V.,4020000825,2500,TA,X,4020007257,VF-Verpackungen GmbH,4020000825,F 132-E1,25000,KG,19-12-2025,61567,111102 SILO,11110201,Z01,ONE SO PER PO,,,,Niederwieser (Sold-to 4020000825 - Material 11284).pdf,29-07-2026 23:46
BE25-00763,13-11-2025,01-12-2025,VF Verpackungen GmbH,Envalior B.V.,4020000825,2500,TA,X,4020007257,VF-Verpackungen GmbH,4020000825,F 132-E1,25000,KG,22-12-2025,61567,111102 SILO,11110201,Z01,ONE SO PER PO,,,,Niederwieser (Sold-to 4020000825 - Material 11284).pdf,29-07-2026 23:46
BE25-00763,13-11-2025,01-12-2025,VF Verpackungen GmbH,Envalior B.V.,4020000825,2500,TA,X,4020007257,VF-Verpackungen GmbH,4020000825,F 132-E1,25000,KG,23-12-2025,61567,111102 SILO,11110201,Z01,ONE SO PER PO,,,,Niederwieser (Sold-to 4020000825 - Material 11284).pdf,29-07-2026 23:46
BE25-00764,13-11-2025,02-12-2025,VF Verpackungen GmbH,Envalior B.V.,4020000825,2500,TA,X,4020007257,VF-Verpackungen GmbH,4020000825,F 132-E1,24000,KG,02-12-2025,61567,111102 SILO,11110201,Z01,ONE SO PER PO,,,,Niederwieser (Sold-to 4020000825 - Material 8677).pdf,29-07-2026 23:46
BE25-00764,13-11-2025,02-12-2025,VF Verpackungen GmbH,Envalior B.V.,4020000825,2500,TA,X,4020007257,VF-Verpackungen GmbH,4020000825,F 132-E1,24000,KG,16-12-2025,61567,111102 SILO,11110201,Z01,ONE SO PER PO,,,,Niederwieser (Sold-to 4020000825 - Material 8677).pdf,29-07-2026 23:46
4504063626,23-01-2026,02-02-2026,BANDO KAGAKU,Envalior B.V.,4020013043,2710,TA,X,4020014055,YOKOI SEISAKUSHO,4020013043,ｽﾀﾆｰﾙTS-341-N 25Kg 紙袋 (Stanyl TS-341-N 25Kg Paper Bag),600,KG,02-02-2026,27755,M460101200-R01,M460101200-R01,Z01,ONE SO PER PO,,,,4504063626.pdf,29-07-2026 23:46
4504063626,23-01-2026,02-02-2026,BANDO KAGAKU,Envalior B.V.,4020013043,2710,TA,X,4020014055,YOKOI SEISAKUSHO,4020013043,ｽﾀﾆｰﾙTS-341-N 25Kg 紙袋 (Stanyl TS-341-N 25Kg Paper Bag),500,KG,03-02-2026,27755,M460101200-R01,M460101200-R01,Z01,ONE SO PER PO,,,,4504063626.pdf,29-07-2026 23:46
1235,14-05-2024,05-09-2024,Ergotech SRL,Envalior B.V.,4020000140,2545,TA,X,4020000140,Ergotech SRL,4020000140,STANYL TW 271 B6 naturale,1000,KG,05-09-2024,44240,8PA-211,8PA-211,-,SEPARATE SO PER ITEM,,,,Sold-to 4020000140 - Material 44240.pdf,29-07-2026 23:46
1813,22-07-2024,17-09-2024,Ergotech SRL,Envalior B.V.,4020000140,2545,TA,X,4020000140,Ergotech SRL,4020000140,STANYL TW 200 F3 BK (PA46-GF15) bags - IN CONFORMITA' ALLA NORMATIVA UNI: PA66 UNI ISO 1043 01-2002,1375,KG,17-09-2024,930,8PA-159,8PA-159,-,SEPARATE SO PER ITEM,,,,Sold-to 4020000140 - Material 930.pdf,29-07-2026 23:46
2138,10-09-2024,14-10-2024,Ergotech SRL,Envalior B.V.,4020000140,2545,TA,X,4020000140,Ergotech SRL,4020000140,STANYL TW200F6 00001 10821 nat. (pa46+30 fv) - IN CONFORMITA' ALLA NORMATIVA UNI PA66 UNI ISO 1043 01-2002,2750,KG,14-10-2024,931,8PA-195,8PA-195,-,SEPARATE SO PER ITEM,,,,Sold-to 4020000140 - Material 931.pdf,29-07-2026 23:46
1316,21-05-2024,29-07-2024,Ergotech SRL,Envalior B.V.,4020000140,2545,TA,X,4020000140,Ergotech SRL,4020000140,STANYL TW 200 F6 NERO (PA46+30GF) ID 930 - IN CONFORMITA' ALLA NORMATIVA UNI: PA66 UNI ISO 1043 01-2002,2750,KG,29-07-2024,934,8PA-035,8PA-035,-,SEPARATE SO PER ITEM,,,,Sold-to 4020000140 - Material 934.pdf,29-07-2026 23:46
2354,03-10-2024,08-11-2024,Ergotech SRL,Envalior B.V.,4020000140,2545,TA,X,4020000140,Ergotech SRL,4020000140,STANYL TW 241 F10 11000 NERO (PA46+50FV) IN CONFORMITA' ALLA NORMATIVA UNI: PA66 UNI ISO 1043 01-2002,4125,KG,08-11-2024,944,8PA-113,8PA-113,-,SEPARATE SO PER ITEM,,,,Sold-to 4020000140 - Material 944.pdf,29-07-2026 23:46
1957,07-08-2024,09-10-2024,Ergotech SRL,Envalior B.V.,4020000140,2545,TA,X,4020000140,Ergotech SRL,4020000140,STANYL TW 271 F6 NAT. (PA46+30GF wear and friction) IN CONFORMITA' ALLA NORMATIVA UNI: PA66 UNI ISO 1043 01-2002,4125,KG,09-10-2024,948,8PA-032,8PA-032,-,SEPARATE SO PER ITEM,,,,Sold-to 4020000140 - Material 948.pdf,29-07-2026 23:46
2315,30-09-2024,20-11-2024,Ergotech SRL,Envalior B.V.,4020000140,2545,TA,X,4020000140,Ergotech SRL,4020000140,Stanyl TW341 11000 10823 - IN CONFORMITA' ALLA NORMATIVA UNI: PA46 UNI ISO 1043 01-2002,2750,KG,20-11-2024,961,8PA-193,8PA-193,-,SEPARATE SO PER ITEM,,,,Sold-to 4020000140 - Material 961.pdf,29-07-2026 23:46
2053,27-08-2024,25-10-2024,Ergotech SRL,Envalior B.V.,4020000140,2545,TA,X,4020000140,Ergotech SRL,4020000140,STANYL TW 371 NAT. (PA46 wear and friction) ID 966 - IN CONFORMITA' ALLA NORMATIVA UNI: PA66 UNI ISO 1043 01-2002,13750,KG,25-10-2024,966,8PA-132,8PA-132,-,SEPARATE SO PER ITEM,,,,Sold-to 4020000140 - Material 966.pdf,29-07-2026 23:46
P177081,31-10-2024,20-01-2025,Legrand Elektrik Sanayi A.S.,Envalior B.V.,4020001469,2500,TA,X,4020001469,Legrand Elektrik Sanayi A.S.,4020001469,Z060R735:PA6GF30FR K222-KGV6\KN.00.73.\80107,11000,KG,27-01-2025,60859,PA00028BA,PA00028BA,-,SEPARATE SO PER ITEM,,,,Sold-to 4020001469 - Material 32814+42143+44141.pdf,29-07-2026 23:46
P177081,31-10-2024,20-01-2025,Legrand Elektrik Sanayi A.S.,Envalior B.V.,4020001469,2500,TA,X,4020001469,Legrand Elektrik Sanayi A.S.,4020001469,Z065R735:PA6-GF25FR CO-KGV5\KN.01.74.\820,20000,KG,14-03-2025,42143,PA00136BA,PA00136BA,-,SEPARATE SO PER ITEM,,,,Sold-to 4020001469 - Material 32814+42143+44141.pdf,29-07-2026 23:46
P177081,31-10-2024,20-01-2025,Legrand Elektrik Sanayi A.S.,Envalior B.V.,4020001469,2500,TA,X,4020001469,Legrand Elektrik Sanayi A.S.,4020001469,Z050R735:PA6-MD25 ULTRAFLOW K-FKMV5/C\KN.00.73,15000,KG,20-01-2025,44141,900661200,900661200,-,SEPARATE SO PER ITEM,,,,Sold-to 4020001469 - Material 32814+42143+44141.pdf,29-07-2026 23:46
P176476,15-10-2024,02-12-2024,Legrand Elektrik Sanayi A.S.,Envalior B.V.,4020001469,2500,TA,X,4020001469,Legrand Elektrik Sanayi A.S.,4020001469,Z060R735:PA6GF30FR,11000,KG,02-12-2024,60859,PA00028BA,PA00028BA,-,SEPARATE SO PER ITEM,,,,Sold-to 4020001469 - Material 32814.pdf,29-07-2026 23:46
P176477,15-10-2024,25-11-2024,Legrand Elektrik Sanayi A.S.,Envalior B.V.,4020001469,2500,TA,X,4020001469,Legrand Elektrik Sanayi A.S.,4020001469,Z065R735:PA6-GF25FR,20000,KG,25-11-2024,42143,PA00136BA,PA00136BA,-,SEPARATE SO PER ITEM,,,,Sold-to 4020001469 - Material 42143.pdf,29-07-2026 23:46
P175040,13-09-2024,04-03-2025,Legrand Elektrik Sanayi A.S.,Envalior B.V.,4020001469,2500,TA,X,4020001469,Legrand Elektrik Sanayi A.S.,4020001469,Z050R735:PA6-MD25 ULTRAFLOW,15000,KG,04-03-2025,44141,900661200,900661200,-,SEPARATE SO PER ITEM,,,,Sold-to 4020001469 - Material 44141.pdf,29-07-2026 23:46
P172126,22-07-2024,28-10-2024,Legrand Elektrik Sanayi A.S.,Envalior B.V.,4020001469,2500,TA,X,4020001469,Legrand Elektrik Sanayi A.S.,4020001469,PA6 NATURAL (Z009),22000,KG,28-10-2024,20364,200166300,200166300,-,SEPARATE SO PER ITEM,,,,Sold-to 4020001469 - Material 5953+35359.pdf,29-07-2026 23:46
P172126,22-07-2024,28-10-2024,Legrand Elektrik Sanayi A.S.,Envalior B.V.,4020001469,2500,TA,X,4020001469,Legrand Elektrik Sanayi A.S.,4020001469,Z031 PPS((MIN/GF) 65 NATURAL,3000,KG,04-11-2024,35359,P000117AA,P000117AA,-,SEPARATE SO PER ITEM,,,,Sold-to 4020001469 - Material 5953+35359.pdf,29-07-2026 23:46
P176469,30-10-2024,03-03-2025,Legrand Elektrik Sanayi A.S.,Envalior B.V.,4020001469,2500,TA,X,4020001469,Legrand Elektrik Sanayi A.S.,4020001469,PA6 NATURAL (Z009),11000,KG,03-03-2025,20364,200166300,200166300,-,SEPARATE SO PER ITEM,,,,Sold-to 4020001469 - Material 5953.pdf,29-07-2026 23:46
1271104,22-10-2024,27-01-2025,ABB Cable Management Products Ltd,Envalior B.V.,4020028890,2500,TA,X,4020028890,ABB Cable Management Products Ltd,4020028890,NYLON COMPOUND (NATURAL) - Supplier material ref. F136-DH. 1000kg Octobin marked with your Matl ref & batch no. Max weight 1000 kg. Pallet size 1200mm x 1000mm. Maximum overall height 1150mm.,22000,KG,27-01-2025,8756,RNY01NAT,RNY01NAT,-,SEPARATE SO PER ITEM,,,,Sold-to 4020028890 - Material 8756+40696.pdf,29-07-2026 23:46
1271104,22-10-2024,27-01-2025,ABB Cable Management Products Ltd,Envalior B.V.,4020028890,2500,TA,X,4020028890,ABB Cable Management Products Ltd,4020028890,FIRE RETARDANT PA6 DSM K225-KS - Supplier material ref. K225-KS Natural (DSM). 25kg bags clearly marked with your material ref and batch number. Maximum weight of pallet 1250 kg. Pallet size 1200mm x 1000mm. Maximum overall height 1150mm.,8000,KG,24-03-2025,40696,RNY03NAT,RNY03NAT,-,SEPARATE SO PER ITEM,,,,Sold-to 4020028890 - Material 8756+40696.pdf,29-07-2026 23:46
1263152,10-09-2024,14-11-2024,ABB Cable Management Products Ltd,Envalior B.V.,4020028890,2500,TA,X,4020028890,ABB Cable Management Products Ltd,4020028890,"NYLON COMPOUND (NATURAL) - Supplier material ref. F136-DH, 1000kg Octobin marked with your Matl ref & batch no, Max weight 1000 kg, Pallet size 1200mm x 1000mm, Maximum overall height 1150mm",22000,KG,14-11-2024,8756,RNY01NAT,RNY01NAT,-,SEPARATE SO PER ITEM,,,,Sold-to 4020028890 - Material 8756+8756+8756.pdf,29-07-2026 23:46
1263152,10-09-2024,14-11-2024,ABB Cable Management Products Ltd,Envalior B.V.,4020028890,2500,TA,X,4020028890,ABB Cable Management Products Ltd,4020028890,"NYLON COMPOUND (NATURAL) - Supplier material ref. F136-DH, 1000kg Octobin marked with your Matl ref & batch no, Max weight 1000 kg, Pallet size 1200mm x 1000mm, Maximum overall height 1150mm",22000,KG,28-11-2024,8756,RNY01NAT,RNY01NAT,-,SEPARATE SO PER ITEM,,,,Sold-to 4020028890 - Material 8756+8756+8756.pdf,29-07-2026 23:46
1263152,10-09-2024,14-11-2024,ABB Cable Management Products Ltd,Envalior B.V.,4020028890,2500,TA,X,4020028890,ABB Cable Management Products Ltd,4020028890,"NYLON COMPOUND (NATURAL) - Supplier material ref. F136-DH, 1000kg Octobin marked with your Matl ref & batch no, Max weight 1000 kg, Pallet size 1200mm x 1000mm, Maximum overall height 1150mm",22000,KG,12-12-2024,8756,RNY01NAT,RNY01NAT,-,SEPARATE SO PER ITEM,,,,Sold-to 4020028890 - Material 8756+8756+8756.pdf,29-07-2026 23:46
1245919,11-06-2024,12-08-2024,ABB Cable Management Products Ltd,Envalior B.V.,4020028890,2500,TA,X,4020028890,ABB Cable Management Products Ltd,4020028890,NYLON COMPOUND (NATURAL) - Supplier material ref. F136-DH. 1000kg Octobin marked with your Matl ref & batch no. Max weight 1000 kg. Pallet size 1200mm x 1000mm. Maximum overall height 1150mm.,22000,KG,12-08-2024,8756,RNY01NAT,RNY01NAT,-,SEPARATE SO PER ITEM,,,,Sold-to 4020028890 - Material 8756.pdf,29-07-2026 23:46
60003956,03-10-2024,28-11-2024,Parker Hannifin EMEA Sàrl,Envalior B.V.,4020030130,2500,TA,X,4020031828,Parker Hannifin Manufacturing,4020030130,ARNITEL EM 630 H according to PFDE-ES31,1200,KG,28-11-2024,40670,EM630,ARNITEL EM 630 H,-,SEPARATE SO PER ITEM,,,,Sold-to 4020030130 - Material 17263.pdf,29-07-2026 23:46
66090667 OP,30-09-2024,09-01-2025,Parker Hannifin EMEA Sàrl,Envalior B.V.,4020030130,2500,TA,X,4020031828,Parker Hannifin Manufacturing,4020030130,ARNITEL EM 630 according to PFDE-ES31,1250,KG,09-01-2025,40670,EM630,ARNITEL EM 630,-,SEPARATE SO PER ITEM,,,,Sold-to 4020030130 - Material 40670.pdf,29-07-2026 23:46
66090745 OP,07-10-2024,02-12-2024,Parker Hannifin EMEA Sàrl,Envalior B.V.,4020030130,2500,TA,X,4020031828,Parker Hannifin Manufacturing,4020030130,ARNITEL PM581/X NATURAL according to PFDE-ES31,1250,KG,02-12-2024,812,AAPP0110,AAPP0110,-,SEPARATE SO PER ITEM,,,,Sold-to 4020030130 - Material 812.pdf,29-07-2026 23:46
37666,24-10-2022,25-01-2021,STEBRO PLAST AB,Envalior B.V.,4020032023,2500,TA,X,4020032023,STEBRO PLAST AB,4020032023,"Akulon K224-G6 natur (PA6), 30% GF NA99001/71104",4125,KG,25-01-2021,19277,5208 EMMEN,5208,-,SEPARATE SO PER ITEM,,,,Sold-to 4020032023 - Material 19277.pdf,29-07-2026 23:46
37668,24-10-2022,24-11-2026,STEBRO PLAST AB,Envalior B.V.,4020032023,2500,TA,X,4020032023,STEBRO PLAST AB,4020032023,"Akulon K224-TG9 natur (PA6), 45% GF NA99001/71104",4125,KG,24-11-2026,19417,5427,5427,-,SEPARATE SO PER ITEM,,,,Sold-to 4020032023 - Material 19417.pdf,29-07-2026 23:46
37667,24-10-2022,25-01-2014,STEBRO PLAST AB,Envalior B.V.,4020032023,2500,TA,X,4020032023,STEBRO PLAST AB,4020032023,Akulon K-FG0-FC Ultraflow nat (PA6),4125,KG,25-01-2014,20413,5245 OLD,NA99001/71104,-,SEPARATE SO PER ITEM,,,,Sold-to 4020032023 - Material 19497.pdf,29-07-2026 23:46
37669,24-10-2022,25-01-2028,STEBRO PLAST AB,Envalior B.V.,4020032023,2500,TA,X,4020032023,STEBRO PLAST AB,4020032023,Akulon F232-D natur (PA6),4125,KG,25-01-2028,61582,5245 NEW,5245,-,SEPARATE SO PER ITEM,,,,Sold-to 4020032023 - Material 20413.pdf,29-07-2026 23:46
37534,24-10-2007,25-01-2028,STEBRO PLAST AB,Envalior B.V.,4020032023,2500,TA,X,4020032023,STEBRO PLAST AB,4020032023,"Akulon K224-G3 natur (PA6), 15% GF",3300,KG,25-01-2028,28645,5143 EMMEN,5143,-,SEPARATE SO PER ITEM,,,,Sold-to 4020032023 - Material 28645.pdf,29-07-2026 23:46
37774,24-11-2005,25-02-2025,STEBRO PLAST AB,Envalior B.V.,4020032023,2500,TA,X,4020032023,STEBRO PLAST AB,4020032023,"Akulon K224-PG3 natur (PA6), 15% GF NA99001/71109",6600,KG,25-02-2025,29476,5343,5343,-,SEPARATE SO PER ITEM,,,,Sold-to 4020032023 - Material 29476.pdf,29-07-2026 23:46
37539,24-10-2007,25-03-2018,STEBRO PLAST AB,Envalior B.V.,4020032023,2500,TA,X,4020032023,STEBRO PLAST AB,4020032023,Akulon K-MB UF IM / D Neukleringsmedel K-MB UF IM,700,KG,25-03-2018,8947,5641,5641,-,SEPARATE SO PER ITEM,,,,Sold-to 4020032023 - Material 8947.pdf,29-07-2026 23:46
BE-25-01212,09-05-2025,,MF Folien GmbH,Envalior B.V.,4020001301,2500,TA,X,4020001301,MF Folien GmbH,4020001301,"F-X22092, Verpackung: Octabin",,KG,,60477,AKULON F-X22092,60477,Z01,ONE SO PER PO,,,,MFWG Bestellung BE-25-01212_body.txt,29-07-2026 23:46
4504063626,23-01-2026,02-02-2026,BANDO KAGAKU,Envalior B.V.,4020012890,,TA,O,4020012890,BANDO KAGAKU,4020012890,"スタニールTS-341-N 25Kg 紙袋 (Stanyl TS-341-N, 25Kg Paper Bag)",600,KG,02-02-2026,,,M460101200-R01,,SEPARATE SO PER ITEM,,,,4504063626_AQMkAGEz.pdf,29-07-2026 23:46
4504063626,23-01-2026,02-02-2026,BANDO KAGAKU,Envalior B.V.,4020012890,,TA,O,4020012890,BANDO KAGAKU,4020012890,"スタニールTS-341-N 25Kg 紙袋 (Stanyl TS-341-N, 25Kg Paper Bag)",500,KG,03-02-2026,,,M460101200-R01,,SEPARATE SO PER ITEM,,,,4504063626_AQMkAGEz.pdf,29-07-2026 23:46
1.2102E+11,19-09-2025,05-11-2025,FOXCONN (KUNSHAN) COMPUTER CONNECTO,Envalior B.V.,4020010339,2730,TA,X,4020010498,FOXCONN (KUNSHAN) COMPUTER CONNECTO,4020010339,TE248F6 MOON GRAY1 GY86003; Storage: MWK10NFT,2000,KG,19-11-2025,16552,901-11D6-002,901-11D6-002,-,SEPARATE SO PER ITEM,,,,FOXCONN (Sold-to 4020010339 - Materials 16552+47206+61262+61457)_AQMkAGEz.pdf,29-07-2026 23:46
1.2102E+11,19-09-2025,05-11-2025,FOXCONN (KUNSHAN) COMPUTER CONNECTO,Envalior B.V.,4020010339,2730,TA,X,4020010498,FOXCONN (KUNSHAN) COMPUTER CONNECTO,4020010339,TS200F6 B-MB GY86015 Moon Gray 1; Storage: MWK10NFT,1000,KG,19-11-2025,47206,901-59P9-002,901-59P9-002,-,SEPARATE SO PER ITEM,,,,FOXCONN (Sold-to 4020010339 - Materials 16552+47206+61262+61457)_AQMkAGEz.pdf,29-07-2026 23:46
1.2102E+11,19-09-2025,05-11-2025,FOXCONN (KUNSHAN) COMPUTER CONNECTO,Envalior B.V.,4020010339,2730,TA,X,4020010498,FOXCONN (KUNSHAN) COMPUTER CONNECTO,4020010339,TS200F6 B-MB NATURAL; Storage: MWK10NFT,1000,KG,05-11-2025,61262,901-84P9-002,901-84P9-002,-,SEPARATE SO PER ITEM,,,,FOXCONN (Sold-to 4020010339 - Materials 16552+47206+61262+61457)_AQMkAGEz.pdf,29-07-2026 23:46
1.2102E+11,19-09-2025,05-11-2025,FOXCONN (KUNSHAN) COMPUTER CONNECTO,Envalior B.V.,4020010339,2730,TA,X,4020010498,FOXCONN (KUNSHAN) COMPUTER CONNECTO,4020010339,TS200F6/A MB GY86003S MOON GRAY 1; Storage: MWK10NFT,1000,KG,05-11-2025,61457,901-40R2-002,901-40R2-002,-,SEPARATE SO PER ITEM,,,,FOXCONN (Sold-to 4020010339 - Materials 16552+47206+61262+61457)_AQMkAGEz.pdf,29-07-2026 23:46
1.2108E+11,28-10-2025,18-11-2025,上海金骏程新材料科技有限公司,Envalior B.V.,4020036720,2700,TA,O,4020036720,浙江丰源,4020036720,TE250F8 33104 WHITE; APN: M9R10NFT,2000,KG,18-11-2025,,,901-0125-002,-,SEPARATE SO PER ITEM,,,,Fuyu Electronical Technology (Sold-to 4020036720 - Material 15219)_AQMkAGEz.pdf,29-07-2026 23:46
1.2108E+11,05-11-2025,05-12-2025,上海金骏程新材料科技有限公司,Envalior B.V.,4020036720,2700,TA,O,4020036720,浙江丰源,4020036720,NYLON PA4T TX1 BLACK DSM,1000,KG,05-12-2025,,,901-01M8-002,-,SEPARATE SO PER ITEM,,,,Fuyu Electronical Technology (Sold-to 4020036720 - Material 48029)_AQMkAGEz.pdf,29-07-2026 23:46
BE-25-02595,04-11-2025,19-11-2025,MF Folien GmbH,Envalior B.V.,4020001301,2500,TA,X,4020001301,MF Folien GmbH,4020001301,"Akulon F-X22092, 22 Oktabin à 1000 kg",22000,KG,19-11-2025,60477,AKULON F-X22092,Akulon F-X22092,Z01,ONE SO PER PO,,,,MF Folien (Sold-to 4020001301 - Material 60477)_AQMkAGEz.pdf,29-07-2026 23:46
BE-25-02595,04-11-2025,19-11-2025,MF Folien GmbH,Envalior B.V.,4020001301,2500,TA,X,4020001301,MF Folien GmbH,4020001301,"Akulon F-X22092, 22 Oktabin à 1000 kg",22000,KG,20-11-2025,60477,AKULON F-X22092,Akulon F-X22092,Z01,ONE SO PER PO,,,,MF Folien (Sold-to 4020001301 - Material 60477)_AQMkAGEz.pdf,29-07-2026 23:46
BE-25-02595,04-11-2025,19-11-2025,MF Folien GmbH,Envalior B.V.,4020001301,2500,TA,X,4020001301,MF Folien GmbH,4020001301,"Akulon F-X22092, 22 Oktabin à 1000 kg",22000,KG,24-11-2025,60477,AKULON F-X22092,Akulon F-X22092,Z01,ONE SO PER PO,,,,MF Folien (Sold-to 4020001301 - Material 60477)_AQMkAGEz.pdf,29-07-2026 23:46
BE-25-02595,04-11-2025,19-11-2025,MF Folien GmbH,Envalior B.V.,4020001301,2500,TA,X,4020001301,MF Folien GmbH,4020001301,"Akulon F-X22092, 22 Oktabin à 1000 kg",22000,KG,25-11-2025,60477,AKULON F-X22092,Akulon F-X22092,Z01,ONE SO PER PO,,,,MF Folien (Sold-to 4020001301 - Material 60477)_AQMkAGEz.pdf,29-07-2026 23:46
BE-25-02595,04-11-2025,19-11-2025,MF Folien GmbH,Envalior B.V.,4020001301,2500,TA,X,4020001301,MF Folien GmbH,4020001301,"Akulon F-X22092, 22 Oktabin à 1000 kg",22000,KG,27-11-2025,60477,AKULON F-X22092,Akulon F-X22092,Z01,ONE SO PER PO,,,,MF Folien (Sold-to 4020001301 - Material 60477)_AQMkAGEz.pdf,29-07-2026 23:46
BE-25-02595,04-11-2025,19-11-2025,MF Folien GmbH,Envalior B.V.,4020001301,2500,TA,X,4020001301,MF Folien GmbH,4020001301,"Akulon F-X22092, 22 Oktabin à 1000 kg",22000,KG,28-11-2025,60477,AKULON F-X22092,Akulon F-X22092,Z01,ONE SO PER PO,,,,MF Folien (Sold-to 4020001301 - Material 60477)_AQMkAGEz.pdf,29-07-2026 23:46
1242188,23-05-2024,07-10-2024,ABB Cable Management Products Ltd,Envalior B.V.,4020028890,2500,TA,X,4020028890,ABB Cable Management Products Ltd,4020028890,"FIRE RETARDANT PA6 DSM K225-KS - Supplier material ref. K225-KS Natural (DSM). 25kg bags clearly marked with your material ref and batch number. Maximum weight of pallet 1250 kg. Pallet size, 1200mm x 1000mm. Maximum overall height 1150mm.",8000,KG,07-10-2024,40696,RNY03NAT,RNY03NAT,-,SEPARATE SO PER ITEM,,,,Sold-to 4020028890 - Material 40696_AQMkAGEz.pdf,29-07-2026 23:46
1263142,10-09-2024,13-01-2025,ABB Cable Management Products Ltd,Envalior B.V.,4020028890,2500,TA,X,4020028890,ABB Cable Management Products Ltd,4020028890,RCPE NATURAL UM551-V. DSM material ref. Arnitel UM551-V. 25kg bags marked with your material ref & batch no. Maximum weight of pallet 1000kg. Pallet size: 1200mm x 1000mm. Maximum overall height 1150mm.,1250,KG,13-01-2025,41450,RCPE02NAT,RCPE02NAT,-,SEPARATE SO PER ITEM,,,,Sold-to 4020028890 - Material 41450+40696_AQMkAGEz.pdf,29-07-2026 23:46
1263142,10-09-2024,13-01-2025,ABB Cable Management Products Ltd,Envalior B.V.,4020028890,2500,TA,X,4020028890,ABB Cable Management Products Ltd,4020028890,"FIRE RETARDANT PA6 DSM K225-KS. Supplier material ref. K225-KS Natural (DSM). 25kg bags clearly marked with your material ref and batch number. Maximum weight of pallet 1250 kg. Pallet size, 1200mm x 1000mm. Maximum overall height 1150mm.",8250,KG,13-01-2025,40696,RNY03NAT,RNY03NAT,-,SEPARATE SO PER ITEM,,,,Sold-to 4020028890 - Material 41450+40696_AQMkAGEz.pdf,29-07-2026 23:46
1271104,22-10-2024,27-01-2025,ABB Cable Management Products Ltd,Envalior B.V.,4020028890,2500,TA,X,4020028890,ABB Cable Management Products Ltd,4020028890,NYLON COMPOUND (NATURAL) - Supplier material ref. F136-DH. 1000kg Octobin marked with your Matl ref & batch no. Max weight 1000 kg. Pallet size 1200mm x 1000mm. Maximum overall height 1150mm.,22000,KG,27-01-2025,8756,RNY01NAT,RNY01NAT,-,SEPARATE SO PER ITEM,,,,Sold-to 4020028890 - Material 8756+40696_AQMkAGEz.pdf,29-07-2026 23:46
1271104,22-10-2024,27-01-2025,ABB Cable Management Products Ltd,Envalior B.V.,4020028890,2500,TA,X,4020028890,ABB Cable Management Products Ltd,4020028890,FIRE RETARDANT PA6 DSM K225-KS - Supplier material ref. K225-KS Natural (DSM). 25kg bags clearly marked with your material ref and batch number. Maximum weight of pallet 1250 kg. Pallet size 1200mm x 1000mm. Maximum overall height 1150mm.,8000,KG,24-03-2025,40696,RNY03NAT,RNY03NAT,-,SEPARATE SO PER ITEM,,,,Sold-to 4020028890 - Material 8756+40696_AQMkAGEz.pdf,29-07-2026 23:46
66090712 OP,03-10-2024,28-11-2024,Parker Hannifin EMEA Sàrl,Envalior B.V.,4020030130,2500,TA,O,4020031828,Parker Hannifin Manufacturing,4020030130,ARNITEL EM 630 H according to PFDE-ES31,1200,KG,28-11-2024,,,ARNITEL EM 630 H,-,SEPARATE SO PER ITEM,,,,Sold-to 4020030130 - Material 17263_AQMkAGEz.pdf,29-07-2026 23:46
66090667 OP,30-09-2024,09-01-2025,Parker Hannifin EMEA Sàrl,Envalior B.V.,4020030130,2500,TA,O,4020031828,Parker Hannifin Manufacturing,4020030130,ARNITEL EM 630 according to PFDE-ES31,1250,KG,09-01-2025,,,ARNITEL EM 630,-,SEPARATE SO PER ITEM,,,,Sold-to 4020030130 - Material 40670.pdf,29-07-2026 23:46
RA99966,30-09-2024,09-01-2025,Parker Hannifin EMEA Sàrl,Envalior B.V.,4020030130,2500,TA,O,4020031828,Parker Hannifin Manufacturing,4020030130,ARNITEL EM 630 according to PFDE-ES31,1250,KG,09-01-2025,,,ARNITEL EM 630,-,SEPARATE SO PER ITEM,,,,Sold-to 4020030130 - Material 40670_AQMkAGEz.pdf,29-07-2026 23:46
37667,24-10-2022,25-01-2014,STEBRO PLAST AB,Envalior B.V.,4020032023,2500,TA,O,4020032023,STEBRO PLAST AB,4020032023,Akulon K-FG0-FC Ultraflow nat (PA6),5440,KG,25-01-2014,,,NA99001/71104,-,SEPARATE SO PER ITEM,,,,Sold-to 4020032023 - Material 19497.pdf,29-07-2026 23:46
37667,24-10-2022,25-01-2014,STEBRO PLAST AB,Envalior B.V.,4020032023,2500,TA,O,4020032023,STEBRO PLAST AB,4020032023,Akulon K-FG0-FC Ultraflow nat (PA6),4125,KG,25-01-2014,,,NA99001/71104,-,SEPARATE SO PER ITEM,,,,Sold-to 4020032023 - Material 19497_AQMkAGEz.pdf,29-07-2026 23:46
4674421,26-11-2025,11-12-2025,Ecoform Multifol Verpackungsfolien,Envalior B.V.,4020000777,2500,TA,X,4020015417,Dachser SE,4020000777,PA-AKULON F132-E1 OCTABIN DSM,22000,KG,11-12-2025,8677,8305516,8305516,Z01,ONE SO PER PO,,,,"SÜDPACK-Bestellung4674421,vom26.11.2025_20260212081032.720_X.pdf",29-07-2026 23:46
4674421,26-11-2025,11-12-2025,Ecoform Multifol Verpackungsfolien,Envalior B.V.,4020000777,2500,TA,X,4020015417,Dachser SE,4020000777,PA-AKULON F132-E1 OCTABIN DSM,22000,KG,15-12-2025,8677,8305516,8305516,Z01,ONE SO PER PO,,,,"SÜDPACK-Bestellung4674421,vom26.11.2025_20260212081032.720_X.pdf",29-07-2026 23:46
1368568,00/00/0000,20-05-2026,ABB Cable Management Products Ltd,Envalior B.V.,4020028890,2500,TA,O,4020028890,ABB Cable Management Products Ltd,4020028890,"FIRE RETARDANT PA6 DSM K225-KS - Supplier material ref. K225-KS Natural (DSM). 25kg bags clearly marked with your material ref and batch number. Maximum weight of pallet 1250 kg. Pallet size, 1200mm x 1000mm. Maximum overall height 1150mm.",8250,KG,20-05-2026,,,RNY03NAT,-,SEPARATE SO PER ITEM,,,,1368568.pdf,29-07-2026 23:46
1368569,00/00/0000,05-05-2026,ABB Cable Management Products Ltd,Envalior B.V.,4020028890,2500,TA,X,4020028890,ABB Cable Management Products Ltd,4020028890,NYLON COMPOUND (NATURAL) DSM F136-DH,22000,KG,05-05-2026,8756,RNY01NAT,RNY01NAT,-,SEPARATE SO PER ITEM,,,,1368569.pdf,29-07-2026 23:46
1368569,00/00/0000,05-05-2026,ABB Cable Management Products Ltd,Envalior B.V.,4020028890,2500,TA,X,4020028890,ABB Cable Management Products Ltd,4020028890,NYLON COMPOUND (NATURAL) DSM F136-DH,22000,KG,18-05-2026,8756,RNY01NAT,RNY01NAT,-,SEPARATE SO PER ITEM,,,,1368569.pdf,29-07-2026 23:46
1371761,13-04-2026,01-06-2026,ABB Cable Management Products Ltd,Envalior B.V.,4020028890,2500,TA,X,4020028890,ABB Cable Management Products Ltd,4020028890,NYLON COMPOUND (NATURAL) DSM F136-DH,22000,KG,01-06-2026,8756,RNY01NAT,RNY01NAT,-,SEPARATE SO PER ITEM,,,,1371761.pdf,29-07-2026 23:46
4504063626,23-01-2026,02-02-2026,"バンドー化学株式会社 (Bando Chemical Industries, Ltd.)",Envalior B.V.,,,TA,O,,,,ｽﾀﾆｰﾙTS-341-N 25Kg 紙袋 (Stanyl TS-341-N 25Kg Paper Bag),600,KG,02-02-2026,,,M460101200-R01,,SEPARATE SO PER ITEM,,,,4504063626.pdf,29-07-2026 23:46
4504063626,23-01-2026,02-02-2026,"バンドー化学株式会社 (Bando Chemical Industries, Ltd.)",Envalior B.V.,,,TA,O,,,,ｽﾀﾆｰﾙTS-341-N 25Kg 紙袋 (Stanyl TS-341-N 25Kg Paper Bag),500,KG,03-02-2026,,,M460101200-R01,,SEPARATE SO PER ITEM,,,,4504063626.pdf,29-07-2026 23:46
4504066422,29-01-2026,02-02-2026,"バンドー化学株式会社 (Bando Chemical Industries, Ltd.)",Envalior B.V.,,,TA,O,,,,TW363/00001 25kg 紙袋 (TW363/00001 25kg Paper Bag),100,KG,02-02-2026,,,M460100900-R01,,SEPARATE SO PER ITEM,,,,4504066422.pdf,29-07-2026 23:46
1.2102E+11,17-06-2025,23-07-2025,FOXCONN (KUNSHAN) COMPUTER CONNECTO,Envalior B.V.,4020010339,2730,TA,X,4020010499,FOXCONN (KUNSHAN) COMPUTER CONNECTO,4020010339,PA46 Envalior TS200F6 black BK26013,1000,KG,30-07-2025,38995,901-22G1-002,901-22G1-002,-,SEPARATE SO PER ITEM,,,,9178f76d-e7ed-4446-b17a-616ce3befa3f.pdf,29-07-2026 23:46
1.2102E+11,17-06-2025,23-07-2025,FOXCONN (KUNSHAN) COMPUTER CONNECTO,Envalior B.V.,4020010339,2730,TA,X,4020010499,FOXCONN (KUNSHAN) COMPUTER CONNECTO,4020010339,Stanyl HFX31SW JUST WHITE,1000,KG,23-07-2025,47784,901-01M7-002,901-01M7-002,-,SEPARATE SO PER ITEM,,,,9178f76d-e7ed-4446-b17a-616ce3befa3f.pdf,29-07-2026 23:46
1.2102E+11,17-06-2025,23-07-2025,FOXCONN (KUNSHAN) COMPUTER CONNECTO,Envalior B.V.,4020010339,2730,TA,X,4020010499,FOXCONN (KUNSHAN) COMPUTER CONNECTO,4020010339,TS200F6 B-MB DSM PA46 (BLACK BK24003),1000,KG,23-07-2025,47958,901-61P9-002,901-61P9-002,-,SEPARATE SO PER ITEM,,,,9178f76d-e7ed-4446-b17a-616ce3befa3f.pdf,29-07-2026 23:46
1.2102E+11,17-06-2025,23-07-2025,FOXCONN (KUNSHAN) COMPUTER CONNECTO,Envalior B.V.,4020010339,2730,TA,X,4020010499,FOXCONN (KUNSHAN) COMPUTER CONNECTO,4020010339,TS200F6/A MB BL69100,1000,KG,30-07-2025,49944,901-35R2-002,901-35R2-002,-,SEPARATE SO PER ITEM,,,,9178f76d-e7ed-4446-b17a-616ce3befa3f.pdf,29-07-2026 23:46
BE-25-01212,09-05-2025,28-05-2025,MF Folien GmbH,Envalior B.V.,4020001301,2500,TA,X,4020001301,MF Folien GmbH,4020001301,"Akulon F-X22092, 22 Oktabin à 1000 kg",22000,KG,28-05-2025,,,Akulon F-X22092,Z01,ONE SO PER PO,,,,Bestellung BE-25-01212.pdf,29-07-2026 23:46
BE-25-02803,01-12-2025,12-12-2025,MF Folien GmbH,Envalior B.V.,4020001301,2500,TA,X,4020001301,MF Folien GmbH,4020001301,Akulon F130-C2,25000,KG,12-12-2025,14885,AKULON F130-C2,Akulon F130-C2,Z01,ONE SO PER PO,,,,Bestellung BE-25-02803.pdf,29-07-2026 23:46
BE-25-02803,01-12-2025,12-12-2025,MF Folien GmbH,Envalior B.V.,4020001301,2500,TA,X,4020001301,MF Folien GmbH,4020001301,Akulon F130-C2,25000,KG,15-12-2025,14885,AKULON F130-C2,Akulon F130-C2,Z01,ONE SO PER PO,,,,Bestellung BE-25-02803.pdf,29-07-2026 23:46
BE-25-02803,01-12-2025,12-12-2025,MF Folien GmbH,Envalior B.V.,4020001301,2500,TA,X,4020001301,MF Folien GmbH,4020001301,Akulon F130-C2,25000,KG,16-12-2025,14885,AKULON F130-C2,Akulon F130-C2,Z01,ONE SO PER PO,,,,Bestellung BE-25-02803.pdf,29-07-2026 23:46
BE-26-00192,15-01-2026,03-02-2026,MF Folien GmbH,Envalior B.V.,4020001301,2500,TA,X,4020001301,MF Folien GmbH,4020001301,Akulon F130-C2,27000,KG,03-02-2026,14885,AKULON F130-C2,Akulon F130-C2,Z01,ONE SO PER PO,,,,Bestellung BE-26-00192.pdf,29-07-2026 23:46
BE-26-00192,15-01-2026,03-02-2026,MF Folien GmbH,Envalior B.V.,4020001301,2500,TA,X,4020001301,MF Folien GmbH,4020001301,Akulon F130-C2,27000,KG,05-02-2026,14885,AKULON F130-C2,Akulon F130-C2,Z01,ONE SO PER PO,,,,Bestellung BE-26-00192.pdf,29-07-2026 23:46
BE-26-00192,15-01-2026,03-02-2026,MF Folien GmbH,Envalior B.V.,4020001301,2500,TA,X,4020001301,MF Folien GmbH,4020001301,Akulon F130-C2,27000,KG,10-02-2026,14885,AKULON F130-C2,Akulon F130-C2,Z01,ONE SO PER PO,,,,Bestellung BE-26-00192.pdf,29-07-2026 23:46
BE-26-00192,15-01-2026,03-02-2026,MF Folien GmbH,Envalior B.V.,4020001301,2500,TA,X,4020001301,MF Folien GmbH,4020001301,Akulon F130-C2,27000,KG,12-02-2026,14885,AKULON F130-C2,Akulon F130-C2,Z01,ONE SO PER PO,,,,Bestellung BE-26-00192.pdf,29-07-2026 23:46
BE-26-00192,15-01-2026,03-02-2026,MF Folien GmbH,Envalior B.V.,4020001301,2500,TA,X,4020001301,MF Folien GmbH,4020001301,Akulon F130-C2,27000,KG,17-02-2026,14885,AKULON F130-C2,Akulon F130-C2,Z01,ONE SO PER PO,,,,Bestellung BE-26-00192.pdf,29-07-2026 23:46
BE-26-00192,15-01-2026,03-02-2026,MF Folien GmbH,Envalior B.V.,4020001301,2500,TA,X,4020001301,MF Folien GmbH,4020001301,Akulon F130-C2,27000,KG,19-02-2026,14885,AKULON F130-C2,Akulon F130-C2,Z01,ONE SO PER PO,,,,Bestellung BE-26-00192.pdf,29-07-2026 23:46
BE-26-00192,15-01-2026,03-02-2026,MF Folien GmbH,Envalior B.V.,4020001301,2500,TA,X,4020001301,MF Folien GmbH,4020001301,Akulon F130-C2,27000,KG,24-02-2026,14885,AKULON F130-C2,Akulon F130-C2,Z01,ONE SO PER PO,,,,Bestellung BE-26-00192.pdf,29-07-2026 23:46
BE-26-00192,15-01-2026,03-02-2026,MF Folien GmbH,Envalior B.V.,4020001301,2500,TA,X,4020001301,MF Folien GmbH,4020001301,Akulon F130-C2,27000,KG,26-02-2026,14885,AKULON F130-C2,Akulon F130-C2,Z01,ONE SO PER PO,,,,Bestellung BE-26-00192.pdf,29-07-2026 23:46
BE-26-00858,01-04-2026,05-05-2026,MF Folien GmbH,Envalior B.V.,4020001301,2500,TA,X,4020001301,MF Folien GmbH,4020001301,Durethan F33A1,25000,KG,05-05-2026,,,Durethan F33A1,Z01,ONE SO PER PO,,,,Bestellung BE-26-00858.pdf,29-07-2026 23:46
BE-26-00858,01-04-2026,05-05-2026,MF Folien GmbH,Envalior B.V.,4020001301,2500,TA,X,4020001301,MF Folien GmbH,4020001301,Durethan F33A1,25000,KG,06-05-2026,,,Durethan F33A1,Z01,ONE SO PER PO,,,,Bestellung BE-26-00858.pdf,29-07-2026 23:46
BE-26-00858,01-04-2026,05-05-2026,MF Folien GmbH,Envalior B.V.,4020001301,2500,TA,X,4020001301,MF Folien GmbH,4020001301,Durethan F33A1,25000,KG,07-05-2026,,,Durethan F33A1,Z01,ONE SO PER PO,,,,Bestellung BE-26-00858.pdf,29-07-2026 23:46
BE-26-00858,01-04-2026,05-05-2026,MF Folien GmbH,Envalior B.V.,4020001301,2500,TA,X,4020001301,MF Folien GmbH,4020001301,Durethan F33A1,25000,KG,08-05-2026,,,Durethan F33A1,Z01,ONE SO PER PO,,,,Bestellung BE-26-00858.pdf,29-07-2026 23:46
BE-26-00858,01-04-2026,05-05-2026,MF Folien GmbH,Envalior B.V.,4020001301,2500,TA,X,4020001301,MF Folien GmbH,4020001301,Durethan F33A1,25000,KG,11-05-2026,,,Durethan F33A1,Z01,ONE SO PER PO,,,,Bestellung BE-26-00858.pdf,29-07-2026 23:46
BE-26-00858,01-04-2026,05-05-2026,MF Folien GmbH,Envalior B.V.,4020001301,2500,TA,X,4020001301,MF Folien GmbH,4020001301,Durethan F33A1,25000,KG,12-05-2026,,,Durethan F33A1,Z01,ONE SO PER PO,,,,Bestellung BE-26-00858.pdf,29-07-2026 23:46
BE-26-00858,01-04-2026,05-05-2026,MF Folien GmbH,Envalior B.V.,4020001301,2500,TA,X,4020001301,MF Folien GmbH,4020001301,Durethan F33A1,25000,KG,13-05-2026,,,Durethan F33A1,Z01,ONE SO PER PO,,,,Bestellung BE-26-00858.pdf,29-07-2026 23:46
BE-26-00858,01-04-2026,05-05-2026,MF Folien GmbH,Envalior B.V.,4020001301,2500,TA,X,4020001301,MF Folien GmbH,4020001301,Durethan F33A1,25000,KG,15-05-2026,,,Durethan F33A1,Z01,ONE SO PER PO,,,,Bestellung BE-26-00858.pdf,29-07-2026 23:46
BE-26-00858,01-04-2026,05-05-2026,MF Folien GmbH,Envalior B.V.,4020001301,2500,TA,X,4020001301,MF Folien GmbH,4020001301,Durethan F33A1,25000,KG,18-05-2026,,,Durethan F33A1,Z01,ONE SO PER PO,,,,Bestellung BE-26-00858.pdf,29-07-2026 23:46
BE-26-00858,01-04-2026,05-05-2026,MF Folien GmbH,Envalior B.V.,4020001301,2500,TA,X,4020001301,MF Folien GmbH,4020001301,Durethan F33A1,25000,KG,19-05-2026,,,Durethan F33A1,Z01,ONE SO PER PO,,,,Bestellung BE-26-00858.pdf,29-07-2026 23:46
BE-26-00859,01-04-2026,21-05-2026,MF Folien GmbH,Envalior B.V.,4020001301,2500,TA,X,4020001301,MF Folien GmbH,4020001301,Durethan F33A1,25000,KG,21-05-2026,,,Durethan F33A1,Z01,ONE SO PER PO,,,,Bestellung BE-26-00859.pdf,29-07-2026 23:46
BE-26-00859,01-04-2026,21-05-2026,MF Folien GmbH,Envalior B.V.,4020001301,2500,TA,X,4020001301,MF Folien GmbH,4020001301,Durethan F33A1,25000,KG,26-05-2026,,,Durethan F33A1,Z01,ONE SO PER PO,,,,Bestellung BE-26-00859.pdf,29-07-2026 23:46
BE-26-00859,01-04-2026,21-05-2026,MF Folien GmbH,Envalior B.V.,4020001301,2500,TA,X,4020001301,MF Folien GmbH,4020001301,Durethan F33A1,25000,KG,27-05-2026,,,Durethan F33A1,Z01,ONE SO PER PO,,,,Bestellung BE-26-00859.pdf,29-07-2026 23:46
BE-26-00859,01-04-2026,21-05-2026,MF Folien GmbH,Envalior B.V.,4020001301,2500,TA,X,4020001301,MF Folien GmbH,4020001301,Durethan F33A1,25000,KG,28-05-2026,,,Durethan F33A1,Z01,ONE SO PER PO,,,,Bestellung BE-26-00859.pdf,29-07-2026 23:46
BE-26-00859,01-04-2026,21-05-2026,MF Folien GmbH,Envalior B.V.,4020001301,2500,TA,X,4020001301,MF Folien GmbH,4020001301,Durethan F33A1,25000,KG,29-05-2026,,,Durethan F33A1,Z01,ONE SO PER PO,,,,Bestellung BE-26-00859.pdf,29-07-2026 23:46
BE25-00880,31-12-2025,20-01-2026,VF Verpackungen GmbH,Envalior B.V.,4020000825,2500,TA,X,4020012198,VF-Verpackungen GmbH,4020000825,F 132-E1,24000,KG,20-01-2026,11284,111102 SILO,111102,Z01,ONE SO PER PO,,,,Bestellung BE25-00880.pdf,29-07-2026 23:46
BE26-00030,15-01-2026,02-02-2026,VF Verpackungen GmbH,Envalior B.V.,4020000825,2500,TA,X,4020012198,VF-Verpackungen GmbH,4020000825,F 132-E1,25000,KG,02-02-2026,11284,111102 SILO,11110201,Z01,ONE SO PER PO,,,,Bestellung BE26-00030_AAMkAGEz.pdf,29-07-2026 23:46
BE26-00030,15-01-2026,02-02-2026,VF Verpackungen GmbH,Envalior B.V.,4020000825,2500,TA,X,4020012198,VF-Verpackungen GmbH,4020000825,F 132-E1,25000,KG,04-02-2026,11284,111102 SILO,11110201,Z01,ONE SO PER PO,,,,Bestellung BE26-00030_AAMkAGEz.pdf,29-07-2026 23:46
BE26-00030,15-01-2026,02-02-2026,VF Verpackungen GmbH,Envalior B.V.,4020000825,2500,TA,X,4020012198,VF-Verpackungen GmbH,4020000825,F 132-E1,25000,KG,05-02-2026,11284,111102 SILO,11110201,Z01,ONE SO PER PO,,,,Bestellung BE26-00030_AAMkAGEz.pdf,29-07-2026 23:46
BE26-00030,15-01-2026,02-02-2026,VF Verpackungen GmbH,Envalior B.V.,4020000825,2500,TA,X,4020012198,VF-Verpackungen GmbH,4020000825,F 132-E1,25000,KG,06-02-2026,11284,111102 SILO,11110201,Z01,ONE SO PER PO,,,,Bestellung BE26-00030_AAMkAGEz.pdf,29-07-2026 23:46
BE26-00030,15-01-2026,02-02-2026,VF Verpackungen GmbH,Envalior B.V.,4020000825,2500,TA,X,4020012198,VF-Verpackungen GmbH,4020000825,F 132-E1,25000,KG,09-02-2026,11284,111102 SILO,11110201,Z01,ONE SO PER PO,,,,Bestellung BE26-00030_AAMkAGEz.pdf,29-07-2026 23:46
BE26-00030,15-01-2026,02-02-2026,VF Verpackungen GmbH,Envalior B.V.,4020000825,2500,TA,X,4020012198,VF-Verpackungen GmbH,4020000825,F 132-E1,25000,KG,10-02-2026,11284,111102 SILO,11110201,Z01,ONE SO PER PO,,,,Bestellung BE26-00030_AAMkAGEz.pdf,29-07-2026 23:46
BE26-00030,15-01-2026,02-02-2026,VF Verpackungen GmbH,Envalior B.V.,4020000825,2500,TA,X,4020012198,VF-Verpackungen GmbH,4020000825,F 132-E1,25000,KG,11-02-2026,11284,111102 SILO,11110201,Z01,ONE SO PER PO,,,,Bestellung BE26-00030_AAMkAGEz.pdf,29-07-2026 23:46
BE26-00030,15-01-2026,02-02-2026,VF Verpackungen GmbH,Envalior B.V.,4020000825,2500,TA,X,4020012198,VF-Verpackungen GmbH,4020000825,F 132-E1,25000,KG,12-02-2026,11284,111102 SILO,11110201,Z01,ONE SO PER PO,,,,Bestellung BE26-00030_AAMkAGEz.pdf,29-07-2026 23:46
BE26-00030,15-01-2026,02-02-2026,VF Verpackungen GmbH,Envalior B.V.,4020000825,2500,TA,X,4020012198,VF-Verpackungen GmbH,4020000825,F 132-E1,25000,KG,13-02-2026,11284,111102 SILO,11110201,Z01,ONE SO PER PO,,,,Bestellung BE26-00030_AAMkAGEz.pdf,29-07-2026 23:46
BE26-00030,15-01-2026,02-02-2026,VF Verpackungen GmbH,Envalior B.V.,4020000825,2500,TA,X,4020012198,VF-Verpackungen GmbH,4020000825,F 132-E1,25000,KG,16-02-2026,11284,111102 SILO,11110201,Z01,ONE SO PER PO,,,,Bestellung BE26-00030_AAMkAGEz.pdf,29-07-2026 23:46
BE26-00030,15-01-2026,02-02-2026,VF Verpackungen GmbH,Envalior B.V.,4020000825,2500,TA,X,4020012198,VF-Verpackungen GmbH,4020000825,F 132-E1,25000,KG,18-02-2026,11284,111102 SILO,11110201,Z01,ONE SO PER PO,,,,Bestellung BE26-00030_AAMkAGEz.pdf,29-07-2026 23:46
BE26-00030,15-01-2026,02-02-2026,VF Verpackungen GmbH,Envalior B.V.,4020000825,2500,TA,X,4020012198,VF-Verpackungen GmbH,4020000825,F 132-E1,25000,KG,19-02-2026,11284,111102 SILO,11110201,Z01,ONE SO PER PO,,,,Bestellung BE26-00030_AAMkAGEz.pdf,29-07-2026 23:46
BE26-00030,15-01-2026,02-02-2026,VF Verpackungen GmbH,Envalior B.V.,4020000825,2500,TA,X,4020012198,VF-Verpackungen GmbH,4020000825,F 132-E1,25000,KG,20-02-2026,11284,111102 SILO,11110201,Z01,ONE SO PER PO,,,,Bestellung BE26-00030_AAMkAGEz.pdf,29-07-2026 23:46
BE26-00030,15-01-2026,02-02-2026,VF Verpackungen GmbH,Envalior B.V.,4020000825,2500,TA,X,4020012198,VF-Verpackungen GmbH,4020000825,F 132-E1,25000,KG,23-02-2026,11284,111102 SILO,11110201,Z01,ONE SO PER PO,,,,Bestellung BE26-00030_AAMkAGEz.pdf,29-07-2026 23:46
BE26-00030,15-01-2026,02-02-2026,VF Verpackungen GmbH,Envalior B.V.,4020000825,2500,TA,X,4020012198,VF-Verpackungen GmbH,4020000825,F 132-E1,25000,KG,24-02-2026,11284,111102 SILO,11110201,Z01,ONE SO PER PO,,,,Bestellung BE26-00030_AAMkAGEz.pdf,29-07-2026 23:46
BE26-00030,15-01-2026,02-02-2026,VF Verpackungen GmbH,Envalior B.V.,4020000825,2500,TA,X,4020012198,VF-Verpackungen GmbH,4020000825,F 132-E1,25000,KG,25-02-2026,11284,111102 SILO,11110201,Z01,ONE SO PER PO,,,,Bestellung BE26-00030_AAMkAGEz.pdf,29-07-2026 23:46
BE26-00030,15-01-2026,02-02-2026,VF Verpackungen GmbH,Envalior B.V.,4020000825,2500,TA,X,4020012198,VF-Verpackungen GmbH,4020000825,F 132-E1,25000,KG,26-02-2026,11284,111102 SILO,11110201,Z01,ONE SO PER PO,,,,Bestellung BE26-00030_AAMkAGEz.pdf,29-07-2026 23:46
BE26-00030,15-01-2026,02-02-2026,VF Verpackungen GmbH,Envalior B.V.,4020000825,2500,TA,X,4020012198,VF-Verpackungen GmbH,4020000825,F 132-E1,25000,KG,27-02-2026,11284,111102 SILO,11110201,Z01,ONE SO PER PO,,,,Bestellung BE26-00030_AAMkAGEz.pdf,29-07-2026 23:46
BE26-00273,13-04-2026,04-05-2026,VF Verpackungen GmbH,Envalior B.V.,4020000825,2500,TA,X,4020012198,VF-Verpackungen GmbH,4020000825,F 132-E1,25000,KG,04-05-2026,11284,111102 SILO,11110201,Z01,ONE SO PER PO,,,,Bestellung BE26-00273.pdf,29-07-2026 23:46
BE26-00273,13-04-2026,04-05-2026,VF Verpackungen GmbH,Envalior B.V.,4020000825,2500,TA,X,4020012198,VF-Verpackungen GmbH,4020000825,F 132-E1,25000,KG,05-05-2026,11284,111102 SILO,11110201,Z01,ONE SO PER PO,,,,Bestellung BE26-00273.pdf,29-07-2026 23:46
BE26-00273,13-04-2026,04-05-2026,VF Verpackungen GmbH,Envalior B.V.,4020000825,2500,TA,X,4020012198,VF-Verpackungen GmbH,4020000825,F 132-E1,25000,KG,06-05-2026,11284,111102 SILO,11110201,Z01,ONE SO PER PO,,,,Bestellung BE26-00273.pdf,29-07-2026 23:46
BE26-00273,13-04-2026,04-05-2026,VF Verpackungen GmbH,Envalior B.V.,4020000825,2500,TA,X,4020012198,VF-Verpackungen GmbH,4020000825,F 132-E1,25000,KG,07-05-2026,11284,111102 SILO,11110201,Z01,ONE SO PER PO,,,,Bestellung BE26-00273.pdf,29-07-2026 23:46
BE26-00273,13-04-2026,04-05-2026,VF Verpackungen GmbH,Envalior B.V.,4020000825,2500,TA,X,4020012198,VF-Verpackungen GmbH,4020000825,F 132-E1,25000,KG,08-05-2026,11284,111102 SILO,11110201,Z01,ONE SO PER PO,,,,Bestellung BE26-00273.pdf,29-07-2026 23:46
BE26-00273,13-04-2026,04-05-2026,VF Verpackungen GmbH,Envalior B.V.,4020000825,2500,TA,X,4020012198,VF-Verpackungen GmbH,4020000825,F 132-E1,25000,KG,11-05-2026,11284,111102 SILO,11110201,Z01,ONE SO PER PO,,,,Bestellung BE26-00273.pdf,29-07-2026 23:46
BE26-00273,13-04-2026,04-05-2026,VF Verpackungen GmbH,Envalior B.V.,4020000825,2500,TA,X,4020012198,VF-Verpackungen GmbH,4020000825,F 132-E1,25000,KG,12-05-2026,11284,111102 SILO,11110201,Z01,ONE SO PER PO,,,,Bestellung BE26-00273.pdf,29-07-2026 23:46
BE26-00273,13-04-2026,04-05-2026,VF Verpackungen GmbH,Envalior B.V.,4020000825,2500,TA,X,4020012198,VF-Verpackungen GmbH,4020000825,F 132-E1,25000,KG,13-05-2026,11284,111102 SILO,11110201,Z01,ONE SO PER PO,,,,Bestellung BE26-00273.pdf,29-07-2026 23:46
BE26-00273,13-04-2026,04-05-2026,VF Verpackungen GmbH,Envalior B.V.,4020000825,2500,TA,X,4020012198,VF-Verpackungen GmbH,4020000825,F 132-E1,25000,KG,15-05-2026,11284,111102 SILO,11110201,Z01,ONE SO PER PO,,,,Bestellung BE26-00273.pdf,29-07-2026 23:46
BE26-00273,13-04-2026,04-05-2026,VF Verpackungen GmbH,Envalior B.V.,4020000825,2500,TA,X,4020012198,VF-Verpackungen GmbH,4020000825,F 132-E1,25000,KG,18-05-2026,11284,111102 SILO,11110201,Z01,ONE SO PER PO,,,,Bestellung BE26-00273.pdf,29-07-2026 23:46
BE26-00273,13-04-2026,04-05-2026,VF Verpackungen GmbH,Envalior B.V.,4020000825,2500,TA,X,4020012198,VF-Verpackungen GmbH,4020000825,F 132-E1,25000,KG,19-05-2026,11284,111102 SILO,11110201,Z01,ONE SO PER PO,,,,Bestellung BE26-00273.pdf,29-07-2026 23:46
BE26-00273,13-04-2026,04-05-2026,VF Verpackungen GmbH,Envalior B.V.,4020000825,2500,TA,X,4020012198,VF-Verpackungen GmbH,4020000825,F 132-E1,25000,KG,20-05-2026,11284,111102 SILO,11110201,Z01,ONE SO PER PO,,,,Bestellung BE26-00273.pdf,29-07-2026 23:46
BE26-00273,13-04-2026,04-05-2026,VF Verpackungen GmbH,Envalior B.V.,4020000825,2500,TA,X,4020012198,VF-Verpackungen GmbH,4020000825,F 132-E1,25000,KG,21-05-2026,11284,111102 SILO,11110201,Z01,ONE SO PER PO,,,,Bestellung BE26-00273.pdf,29-07-2026 23:46
BE26-00273,13-04-2026,04-05-2026,VF Verpackungen GmbH,Envalior B.V.,4020000825,2500,TA,X,4020012198,VF-Verpackungen GmbH,4020000825,F 132-E1,25000,KG,22-05-2026,11284,111102 SILO,11110201,Z01,ONE SO PER PO,,,,Bestellung BE26-00273.pdf,29-07-2026 23:46
BE26-00273,13-04-2026,04-05-2026,VF Verpackungen GmbH,Envalior B.V.,4020000825,2500,TA,X,4020012198,VF-Verpackungen GmbH,4020000825,F 132-E1,25000,KG,26-05-2026,11284,111102 SILO,11110201,Z01,ONE SO PER PO,,,,Bestellung BE26-00273.pdf,29-07-2026 23:46
BE26-00273,13-04-2026,04-05-2026,VF Verpackungen GmbH,Envalior B.V.,4020000825,2500,TA,X,4020012198,VF-Verpackungen GmbH,4020000825,F 132-E1,25000,KG,27-05-2026,11284,111102 SILO,11110201,Z01,ONE SO PER PO,,,,Bestellung BE26-00273.pdf,29-07-2026 23:46
BE26-00273,13-04-2026,04-05-2026,VF Verpackungen GmbH,Envalior B.V.,4020000825,2500,TA,X,4020012198,VF-Verpackungen GmbH,4020000825,F 132-E1,25000,KG,28-05-2026,11284,111102 SILO,11110201,Z01,ONE SO PER PO,,,,Bestellung BE26-00273.pdf,29-07-2026 23:46
BE26-00273,13-04-2026,04-05-2026,VF Verpackungen GmbH,Envalior B.V.,4020000825,2500,TA,X,4020012198,VF-Verpackungen GmbH,4020000825,F 132-E1,25000,KG,29-05-2026,11284,111102 SILO,11110201,Z01,ONE SO PER PO,,,,Bestellung BE26-00273.pdf,29-07-2026 23:46
BE25-00614,17-09-2025,14-10-2025,VF Verpackungen GmbH,Envalior B.V.,4020000825,2500,TA,X,4020012198,VF-Verpackungen GmbH,4020000825,F 132-E1,24000,KG,14-10-2025,11284,111102 SILO,111102,Z01,ONE SO PER PO,,,,BestellungBE25-00614_20260211164808.475_X.pdf,29-07-2026 23:46
BE25-00614,17-09-2025,14-10-2025,VF Verpackungen GmbH,Envalior B.V.,4020000825,2500,TA,X,4020012198,VF-Verpackungen GmbH,4020000825,F 132-E1,24000,KG,16-10-2025,11284,111102 SILO,111102,Z01,ONE SO PER PO,,,,BestellungBE25-00614_20260211164808.475_X.pdf,29-07-2026 23:46
BE25-00614,17-09-2025,14-10-2025,VF Verpackungen GmbH,Envalior B.V.,4020000825,2500,TA,X,4020012198,VF-Verpackungen GmbH,4020000825,F 132-E1,24000,KG,21-10-2025,11284,111102 SILO,111102,Z01,ONE SO PER PO,,,,BestellungBE25-00614_20260211164808.475_X.pdf,29-07-2026 23:46
BE25-00614,17-09-2025,14-10-2025,VF Verpackungen GmbH,Envalior B.V.,4020000825,2500,TA,X,4020012198,VF-Verpackungen GmbH,4020000825,F 132-E1,24000,KG,28-10-2025,11284,111102 SILO,111102,Z01,ONE SO PER PO,,,,BestellungBE25-00614_20260211164808.475_X.pdf,29-07-2026 23:46
1.2108E+11,05-11-2025,16-12-2025,Fuyu Electronical Technology (Huaia,Envalior B.V.,4020010504,2730,TA,X,4020028173,Huai'an Xinning public bonded wareh,4020010504,DSM PA4T TX1 NAT 73117PB PA4T TX1 NATURAL,3000,KG,16-12-2025,48031,901-02M8-002,901-02M8-002,-,SEPARATE SO PER ITEM,,,,dc85616a-fe9d-4b5c-a902-f43b3eb7b485.pdf,29-07-2026 23:46
1013679682,28-07-2025,25-09-2025,上海莫仕连接器有限公司,Envalior B.V.,4020010375,2700,TA,X,4020034958,莫仕上海DSV仓库,4020010375,PA4T NYLON 30% GF BLACK UL94V-0 / DSM FORTII F11-BLK BLACK,2000,KG,25-09-2025,47994,899921682,899921682,-,SEPARATE SO PER ITEM,,,,Molex PO1013679682_20250728_031508.pdf,29-07-2026 23:46
1014253006,15-12-2025,16-01-2026,Molex Japan LLC (日本モレックス合同会社),Envalior B.V.,,,TA,O,,,,ENVALIOR STANYL TS250F6D-NC NATURAL / PA46 NYLON 30% GF NATURAL UL94V-0,1000,KG,16-01-2026,,,899920793,,SEPARATE SO PER ITEM,,,,Molex+PO1014253006_20251215_033952.pdf,29-07-2026 23:46
1014253006,15-12-2025,16-01-2026,Molex Japan LLC (日本モレックス合同会社),Envalior B.V.,,,TA,O,,,,ENVALIOR STANYL TS250F6D-NC NATURAL / PA46 NYLON 30% GF NATURAL UL94V-0,1000,KG,26-01-2026,,,899920793,,SEPARATE SO PER ITEM,,,,Molex+PO1014253006_20251215_033952.pdf,29-07-2026 23:46
1014340779,08-01-2026,16-01-2026,Molex Japan LLC (日本モレックス合同会社),Envalior B.V.,,,TA,O,,,,"PA46 NYLON 50% GF BLACK UL94HB | MPN: ENVALIOR, STANYL_46HF4550_11000_BLACK",300,KG,16-01-2026,,,899921583,,SEPARATE SO PER ITEM,,,,Molex+PO1014340779_20260108_081117.pdf,29-07-2026 23:46
1014374731,16-01-2026,28-01-2026,Molex Japan LLC (Kagoshima Factory),Envalior B.V.,,,TA,O,,,,ENVALIOR STANYL_46HF4550_11000_BLACK / PA46 NYLON 50% GF BLACK UL94HB,25000,KG,28-01-2026,,,899921583,,SEPARATE SO PER ITEM,,,,Molex+PO1014374731_20260116_113413.pdf,29-07-2026 23:46
1014458377,05-02-2026,19-02-2026,Molex Japan LLC (日本モレックス合同会社),Envalior B.V.,,,TA,O,,,,PA46 NYLON 30% GF BLACK UL94V-0 / ENVALIOR STANYL TS250F6D-9B0040 BLACK,100,KG,19-02-2026,,,899920756,,SEPARATE SO PER ITEM,,,,Molex+PO1014458377_20260205_042506.pdf,29-07-2026 23:46
1014458377,05-02-2026,19-02-2026,Molex Japan LLC (日本モレックス合同会社),Envalior B.V.,,,TA,O,,,,PA46 NYLON 30% GF BLACK UL94V-0 / ENVALIOR STANYL TS250F6D-9B0040 BLACK,200,KG,06-04-2026,,,899920756,,SEPARATE SO PER ITEM,,,,Molex+PO1014458377_20260205_042506.pdf,29-07-2026 23:46
1014374731,16-01-2026,28-01-2026,MOLEX LLC,Envalior B.V.,4020004609,2600,TA,O,4020034691,MOLEX ELPASO/WOODHEAD,4020004609,PA46 NYLON 50% GF BLACK UL94HB,25000,KGM,28-01-2026,,,STANYL_46HF4550_11000_BLACK,-,SEPARATE SO PER ITEM,,,,MOLEX2.pdf,29-07-2026 23:46
1014340779,08-01-2026,16-01-2026,MOLEX LLC,Envalior B.V.,4020004609,2600,TA,O,4020034691,MOLEX ELPASO/WOODHEAD,4020004609,PA46 NYLON 50% GF BLACK UL94HB,300000,KGM,16-01-2026,,,STANYL_46HF4550_11000_BLACK,-,SEPARATE SO PER ITEM,,,,MOLEX3.pdf,29-07-2026 23:46
OA26/1193,27-04-2026,25-06-2026,Ergotech Srl a socio unico,Envalior B.V.,,,TA,O,,,,STANYL TW 200 F3 BK (PA46-GF15) bags - IN CONFORMITA' ALLA NORMATIVA UNI: PA66 UNI ISO 1043 01-2002,1375,KG,25-06-2026,,,8PA-159,,SEPARATE SO PER ITEM,,,,OA_OA26_1193_ENVALIORIT.pdf,29-07-2026 23:46
OA26/1194,27-04-2026,26-06-2026,Ergotech Srl a socio unico,Envalior B.V.,,,TA,O,,,,POCAN B 3233 HR NERO 901510 (PBT+30FV) - IN CONFORMITA' ALLA NORMATIVA UNI: PBT UNI ISO 1043 01-2002,10000,KG,26-06-2026,,,8PBT028,,SEPARATE SO PER ITEM,,,,OA_OA26_1194_ENVALIORIT.pdf,29-07-2026 23:46
OA26/1196,27-04-2026,16-06-2026,Ergotech Srl a socio unico,Envalior B.V.,,,TA,O,,,,DURETHAN BKV40H3.0 000000 NAT - IN CONFORMITA' ALLA NORMATIVA UNI PA6 UNI ISO 1043 01-2002,3000,KG,16-06-2026,,,8PA-227,,SEPARATE SO PER ITEM,,,,OA_OA26_1196_ENVALIORIT.pdf,29-07-2026 23:46
OA26/1197,27-04-2026,17-06-2026,Ergotech Srl a socio unico,Envalior B.V.,,,TA,O,,,,Stanyl TW341 11000 10821 - IN CONFORMITA' ALLA NORMATIVA UNI: PA46 UNI ISO 1043 01-2002,6850,KG,17-06-2026,,,8PA-193,,SEPARATE SO PER ITEM,,,,OA_OA26_1197_ENVALIORIT.pdf,29-07-2026 23:46
OA26/1198,27-04-2026,14-07-2026,Ergotech Srl a socio unico,Envalior B.V.,,,TA,O,,,,Durethan BKV40 H2.0 NERO 901510 - IN CONFORMITA' ALLA NORMATIVA UNI PA6 UNI ISO 1043 01-2002,15000,KG,14-07-2026,,,8PA-226,,SEPARATE SO PER ITEM,,,,OA_OA26_1198_ENVALIORIT.pdf,29-07-2026 23:46
41204,26-05-2004,26-10-2027,STEBRO PLAST AB,Envalior B.V.,4020032023,2500,TA,X,4020032023,STEBRO PLAST AB,4020032023,Akulon K-MB UF IM 99.99.99 (Neukleringsmedel K-MB UF IM),3.58,KG,26-10-2027,8947,5641,8947,-,SEPARATE SO PER ITEM,,,,Purchase order 41204.pdf,29-07-2026 23:46
41246,26-05-2005,26-08-2025,STEBRO PLAST AB,Envalior B.V.,4020032023,2500,TA,O,4020032023,STEBRO PLAST AB,4020032023,Akulon K224-PG3 OR51612/Durethan BKV2 orange TRIAL - Your part number: 61165 TRIAL Orange PG3 15% GF Akulon K224-PG3 TRIAL OR 51612/71109-Durethan BKV215D 205038 BC110X,3300,KG,26-08-2025,,,5806,-,SEPARATE SO PER ITEM,,,,Purchase order 41246.pdf,29-07-2026 23:46
41247,26-05-2005,26-08-2011,STEBRO PLAST AB,Envalior B.V.,4020032023,2500,TA,X,4020032023,STEBRO PLAST AB,4020032023,Akulon K224-PG3 nature/Durethan BKV215D (PA6) - 15% GF,9900,KG,26-08-2011,29476,5343,5343,-,SEPARATE SO PER ITEM,,,,Purchase order 41247.pdf,29-07-2026 23:46
4682803,05-02-2026,03-03-2026,ECOFORM MULTIFOL,Envalior B.V.,E01514,,TA,O,,,E01514,PA-AKULON F132-E1 SILO DSM,25000,KG,03-03-2026,,,8305515,,SEPARATE SO PER ITEM,,,,"SÜDPACK-Bestellung 4682803, vom 05.02.2026.PDF",29-07-2026 23:46
4682803,05-02-2026,03-03-2026,ECOFORM MULTIFOL,Envalior B.V.,E01514,,TA,O,,,E01514,PA-AKULON F132-E1 SILO DSM,25000,KG,04-03-2026,,,8305515,,SEPARATE SO PER ITEM,,,,"SÜDPACK-Bestellung 4682803, vom 05.02.2026.PDF",29-07-2026 23:46
4682803,05-02-2026,03-03-2026,ECOFORM MULTIFOL,Envalior B.V.,E01514,,TA,O,,,E01514,PA-AKULON F132-E1 SILO DSM,25000,KG,05-03-2026,,,8305515,,SEPARATE SO PER ITEM,,,,"SÜDPACK-Bestellung 4682803, vom 05.02.2026.PDF",29-07-2026 23:46
4682803,05-02-2026,03-03-2026,ECOFORM MULTIFOL,Envalior B.V.,E01514,,TA,O,,,E01514,PA-AKULON F132-E1 SILO DSM,25000,KG,06-03-2026,,,8305515,,SEPARATE SO PER ITEM,,,,"SÜDPACK-Bestellung 4682803, vom 05.02.2026.PDF",29-07-2026 23:46
4682803,05-02-2026,03-03-2026,ECOFORM MULTIFOL,Envalior B.V.,E01514,,TA,O,,,E01514,PA-AKULON F132-E1 SILO DSM,25000,KG,09-03-2026,,,8305515,,SEPARATE SO PER ITEM,,,,"SÜDPACK-Bestellung 4682803, vom 05.02.2026.PDF",29-07-2026 23:46
4682803,05-02-2026,03-03-2026,ECOFORM MULTIFOL,Envalior B.V.,E01514,,TA,O,,,E01514,PA-AKULON F132-E1 SILO DSM,25000,KG,10-03-2026,,,8305515,,SEPARATE SO PER ITEM,,,,"SÜDPACK-Bestellung 4682803, vom 05.02.2026.PDF",29-07-2026 23:46
4690661,01-04-2026,23-07-2026,ECOFORM MULTIFOL,Envalior B.V.,E01514,,TA,O,,,E01514,PA-AKULON F132-E1 SILO DSM,25000,KG,23-07-2026,,,8305515,,SEPARATE SO PER ITEM,,,,"SÜDPACK-Bestellung 4690661, vom 01.04.2026.PDF",29-07-2026 23:46
4690661,01-04-2026,23-07-2026,ECOFORM MULTIFOL,Envalior B.V.,E01514,,TA,O,,,E01514,PA-AKULON F132-E1 SILO DSM,25000,KG,27-07-2026,,,8305515,,SEPARATE SO PER ITEM,,,,"SÜDPACK-Bestellung 4690661, vom 01.04.2026.PDF",29-07-2026 23:46
4690661,01-04-2026,23-07-2026,ECOFORM MULTIFOL,Envalior B.V.,E01514,,TA,O,,,E01514,PA-AKULON F132-E1 SILO DSM,25000,KG,28-07-2026,,,8305515,,SEPARATE SO PER ITEM,,,,"SÜDPACK-Bestellung 4690661, vom 01.04.2026.PDF",29-07-2026 23:46
4690661,01-04-2026,23-07-2026,ECOFORM MULTIFOL,Envalior B.V.,E01514,,TA,O,,,E01514,PA-AKULON F132-E1 SILO DSM,25000,KG,29-07-2026,,,8305515,,SEPARATE SO PER ITEM,,,,"SÜDPACK-Bestellung 4690661, vom 01.04.2026.PDF",29-07-2026 23:46
4690661,01-04-2026,23-07-2026,ECOFORM MULTIFOL,Envalior B.V.,E01514,,TA,O,,,E01514,PA-AKULON F132-E1 SILO DSM,25000,KG,30-07-2026,,,8305515,,SEPARATE SO PER ITEM,,,,"SÜDPACK-Bestellung 4690661, vom 01.04.2026.PDF",29-07-2026 23:46
4690661,01-04-2026,23-07-2026,ECOFORM MULTIFOL,Envalior B.V.,E01514,,TA,O,,,E01514,PA-AKULON F132-E1 SILO DSM,25000,KG,31-07-2026,,,8305515,,SEPARATE SO PER ITEM,,,,"SÜDPACK-Bestellung 4690661, vom 01.04.2026.PDF",29-07-2026 23:46
4674421,26-11-2025,11-12-2025,ECOFORM MULTIFOL,Envalior B.V.,E01514,,TA,O,,,E01514,PA-AKULON F132-E1 OCTABIN DSM,22000,KG,11-12-2025,,,8305516,,SEPARATE SO PER ITEM,,,,"SÜDPACK-Bestellung4674421,vom26.11.2025_20260212081032.720_X.pdf",29-07-2026 23:46
4674421,26-11-2025,11-12-2025,ECOFORM MULTIFOL,Envalior B.V.,E01514,,TA,O,,,E01514,PA-AKULON F132-E1 OCTABIN DSM,22000,KG,15-12-2025,,,8305516,,SEPARATE SO PER ITEM,,,,"SÜDPACK-Bestellung4674421,vom26.11.2025_20260212081032.720_X.pdf",29-07-2026 23:46
4500297688,08-01-2026,18-02-2026,Wipak Walsrode GmbH,Envalior B.V.,4020036739,2500,KB,X,4020043517,Wipak Walsrode GmbH,4020036739,"Akulon XS36-C1, Octabin, CONSIGNMENT MATERIAL, Delivery according to delivery specification dated 2024-04-24",22000,KG,18-02-2026,38779,510000302,510000302,-,SEPARATE SO PER ITEM,,,,"Wipak Purchase Order 4500297688, 500009, 08.01.202.PDF",29-07-2026 23:46
4500297688,08-01-2026,18-02-2026,Wipak Walsrode GmbH,Envalior B.V.,4020036739,2500,KB,X,4020043517,Wipak Walsrode GmbH,4020036739,"Akulon XS36-C1, Octabin, CONSIGNMENT MATERIAL, Delivery according to delivery specification dated 2024-04-24",22000,KG,26-02-2026,38779,510000302,510000302,-,SEPARATE SO PER ITEM,,,,"Wipak Purchase Order 4500297688, 500009, 08.01.202.PDF",29-07-2026 23:46
4500289843,23-09-2025,22-10-2025,Wipak Walsrode GmbH,Envalior B.V.,4020036739,2500,KB,X,4020043517,Wipak Walsrode GmbH,4020036739,"Akulon XS36-C1, Octabin, CONSIGNMENT MATERIAL, Delivery according to delivery specification dated 2024-04-24",22000,KG,22-10-2025,38779,510000302,510000302,-,SEPARATE SO PER ITEM,,,,Wipak Walsrode (Sold-to 4020036739 - Material 38779) - ORDER TYPE KB.PDF,29-07-2026 23:46
CD80079B,23-01-2026,17-02-2026,PASS & SEYMOUR/LEGRAND,Envalior B.V.,4020004601,2600,TA,O,4020022788,BEAR PLASTICS,4020004601,"NYLON, UNFILLED, TYPE6, WHITE, CHEM RECY",40500,LB,17-02-2026,,,11022432,-,SEPARATE SO PER ITEM,,,,body_AAMkAGEz_FW_ CD80079B Rel. 766.txt,29-07-2026 23:46
BE-25-01212,09-05-2025,,MF Folien GmbH,Envalior B.V.,4020001301,2500,TA,X,4020001301,MF Folien GmbH,4020001301,F-X22092,,,,,,60477,Z01,ONE SO PER PO,,,,body_AAMkAGEz_FW_ MF__WG_ Bestellung BE-25-01212.txt,29-07-2026 23:46
1014253006,15-12-2025,16-01-2026,MOLEX LLC,Envalior B.V.,4020004609,2600,TA,O,4020034691,MOLEX ELPASO/WOODHEAD,4020004609,PA46 NYLON 30% GF NATURAL UL94V-0 / ENVALIOR STANYL TS250F6D-NC NATURAL,1000,KGM,16-01-2026,,,STANYL_TS250F6D_NC_NATURAL,-,SEPARATE SO PER ITEM,,,,"body_AAMkAGEz_FW_ Molex, LLC sent a new Purchase Order 1014253006.txt",29-07-2026 23:46
1014253006,15-12-2025,16-01-2026,MOLEX LLC,Envalior B.V.,4020004609,2600,TA,O,4020034691,MOLEX ELPASO/WOODHEAD,4020004609,PA46 NYLON 30% GF NATURAL UL94V-0 / ENVALIOR STANYL TS250F6D-NC NATURAL,1000,KGM,26-01-2026,,,STANYL_TS250F6D_NC_NATURAL,-,SEPARATE SO PER ITEM,,,,"body_AAMkAGEz_FW_ Molex, LLC sent a new Purchase Order 1014253006.txt",29-07-2026 23:46
1014340779,08-01-2026,16-01-2026,MOLEX LLC,Envalior B.V.,4020004609,2600,TA,O,4020034691,MOLEX ELPASO/WOODHEAD,4020004609,PA46 NYLON 50% GF BLACK UL94HB,300,KGM,16-01-2026,,,STANYL_46HF4550_11000_BLACK,-,SEPARATE SO PER ITEM,,,,"body_AAMkAGEz_FW_ Molex, LLC sent a new Purchase Order 1014340779.txt",29-07-2026 23:46
1014374731,16-01-2026,28-01-2026,MOLEX LLC,Envalior B.V.,4020004609,2600,TA,O,4020034691,MOLEX ELPASO/WOODHEAD,4020004609,PA46 NYLON 50% GF BLACK UL94HB,25,KGM,28-01-2026,,,STANYL_46HF4550_11000_BLACK,-,SEPARATE SO PER ITEM,,,,"body_AAMkAGEz_FW_ Molex, LLC sent a new Purchase Order 1014374731.txt",29-07-2026 23:46
1014458377,05-02-2026,19-02-2026,MOLEX LLC,Envalior B.V.,4020004609,2600,TA,O,4020034691,MOLEX ELPASO/WOODHEAD,4020004609,PA46 NYLON 30% GF BLACK UL94V-0 / ENVALIOR STANYL TS250F6D-9B0040 BLACK,100,KGM,19-02-2026,,,STANYL_TS250F6D_9B0040_BLACK,-,SEPARATE SO PER ITEM,,,,"body_AAMkAGEz_FW_ Molex, LLC sent a new Purchase Order 1014458377.txt",29-07-2026 23:46
1014458377,05-02-2026,19-02-2026,MOLEX LLC,Envalior B.V.,4020004609,2600,TA,O,4020034691,MOLEX ELPASO/WOODHEAD,4020004609,PA46 NYLON 30% GF BLACK UL94V-0 / ENVALIOR STANYL TS250F6D-9B0040 BLACK,200,KGM,06-04-2026,,,STANYL_TS250F6D_9B0040_BLACK,-,SEPARATE SO PER ITEM,,,,"body_AAMkAGEz_FW_ Molex, LLC sent a new Purchase Order 1014458377.txt",29-07-2026 23:46
PH601610B,14-01-2026,10-04-2026,PASS & SEYMOUR/LEGRAND,Envalior B.V.,4020004601,2600,TA,X,4020022788,BEAR PLASTICS,4020004601,"NYLON 6, UNFILLED, IVORY",15000,LB,10-04-2026,11886,1100941,1100941,-,SEPARATE SO PER ITEM,,,,body_AAMkAGEz_FW_ PH601610B Rel. 630.txt,29-07-2026 23:46
