PO_NUMBER,SO_NUMBER,STATUS,BLOCK_CODE,BLOCK_REASON,FAILURE_REASON,RFC_ERROR_CODE,RFC_MESSAGE,SALES_ORG,CUSTOMER_NAME,SOURCE_FILE,RUN_TIMESTAMP,_extracted_at,_source_table
11923197,0001536507,SUCCESS,,,,,,2700,Pegasus Polymers Pte. Ltd,Purchase Order  (11923197) (1).pdf,2026-09-02T20:10:09.782143,2026-09-02T20:10:09.819777,Touchless Sales Order View (o_custom_PoExtractionResults)
1371761,0001536622,SUCCESS,,,,,,2500,ABB Cable Management Products Ltd,1371761.pdf,2026-09-02T20:10:09.782143,2026-09-02T20:10:09.819777,Touchless Sales Order View (o_custom_PoExtractionResults)
1813,0001536623,SUCCESS,,,,,,2545,Ergotech SRL,Sold-to 4020000140 - Material 930.pdf,2026-09-02T20:10:09.782143,2026-09-02T20:10:09.819777,Touchless Sales Order View (o_custom_PoExtractionResults)
1957,0001536624,SUCCESS,,,,,,2545,Ergotech SRL,Sold-to 4020000140 - Material 948.pdf,2026-09-02T20:10:09.782143,2026-09-02T20:10:09.819777,Touchless Sales Order View (o_custom_PoExtractionResults)
2315,0001536625,SUCCESS,,,,,,2545,Ergotech SRL,Sold-to 4020000140 - Material 961.pdf,2026-09-02T20:10:09.782143,2026-09-02T20:10:09.819777,Touchless Sales Order View (o_custom_PoExtractionResults)
26 055138 A2,0001536626,SUCCESS,,,,,,2545,Scame Mastaf SpA,55138_AAMkAGEz.pdf,2026-09-02T20:10:09.782143,2026-09-02T20:10:09.819777,Touchless Sales Order View (o_custom_PoExtractionResults)
26-111,0001536627,SUCCESS,,,,,,2540,Mobi Stil Prod S.r.l.,PO 26-111.pdf,2026-09-02T20:10:09.782143,2026-09-02T20:10:09.819777,Touchless Sales Order View (o_custom_PoExtractionResults)
37774,0001536628,SUCCESS,,,,,,2500,STEBRO PLAST AB,Sold-to 4020032023 - Material 29476.pdf,2026-09-02T20:10:09.782143,2026-09-02T20:10:09.819777,Touchless Sales Order View (o_custom_PoExtractionResults)
4500092941,0001536629,SUCCESS,,,,,,2540,BOURBON Automotive Plastic Nitra,PO 4500092941.pdf,2026-09-02T20:10:09.782143,2026-09-02T20:10:09.819777,Touchless Sales Order View (o_custom_PoExtractionResults)
H264713-HEY-260513,0001536630,SUCCESS,,,,,,2701,海星科技(深圳)有限公司 海星科技(深圳)有限公司,H264713-HEY-260513.pdf,2026-09-02T20:10:09.782143,2026-09-02T20:10:09.819777,Touchless Sales Order View (o_custom_PoExtractionResults)
P00QJXN,0001536631,SUCCESS,,,,,,2710,ASAHI KASEI ADVANCE CORPORATION ASAHI KASEI ADVANCE CORPORATIONPerformance Plast,注文書_AAMkAGEz.pdf,2026-09-02T20:10:09.782143,2026-09-02T20:10:09.819777,Touchless Sales Order View (o_custom_PoExtractionResults)
11965102,0001536508,SUCCESS,,,,,,2545,Ravago Italia SpA,Purchase Order  (11965102).pdf,2026-09-02T20:10:09.782143,2026-09-02T20:10:09.819777,Touchless Sales Order View (o_custom_PoExtractionResults)
1210800981N,0001536632,SUCCESS,,,,,,2730,Fuyu Electronical Technology (Huaian),7dba81c3-caee-4880-9a80-e747fa72affe.pdf,2026-09-02T20:10:09.782143,2026-09-02T20:10:09.819777,Touchless Sales Order View (o_custom_PoExtractionResults)
14029941,0001536509,SUCCESS,,,,,,2500,Stigma UAB,Purchase order 14945 (1).pdf,2026-09-02T20:10:09.782143,2026-09-02T20:10:09.819777,Touchless Sales Order View (o_custom_PoExtractionResults)
2354,0001536633,SUCCESS,,,,,,2545,Ergotech SRL,Sold-to 4020000140 - Material 944.pdf,2026-09-02T20:10:09.782143,2026-09-02T20:10:09.819777,Touchless Sales Order View (o_custom_PoExtractionResults)
26003731,0001536652,SUCCESS,,,,,,2540,UFI FILTERS Czech s.r.o,26003731_AAMkAGEz.pdf,2026-09-02T20:10:09.782143,2026-09-02T20:10:09.819777,Touchless Sales Order View (o_custom_PoExtractionResults)
37534,0001536634,SUCCESS,,,,,,2500,STEBRO PLAST AB,Sold-to 4020032023 - Material 28645.pdf,2026-09-02T20:10:09.782143,2026-09-02T20:10:09.819777,Touchless Sales Order View (o_custom_PoExtractionResults)
4500218243,0001536701,SUCCESS,,,,,,2545,GEWISS S.p.A,ORDINE 4500218243.PDF,2026-09-02T20:10:09.782143,2026-09-02T20:10:09.819777,Touchless Sales Order View (o_custom_PoExtractionResults)
460031761,0001536510,SUCCESS,,,,,,2700,NAGASE SINGAPORE (PTE) LTD,460031761 POCAN BF4239-700350 S103 (3).pdf,2026-09-02T20:10:09.782143,2026-09-02T20:10:09.819777,Touchless Sales Order View (o_custom_PoExtractionResults)
97,0001536635,SUCCESS,,,,,,2500,Sistema SRL,PO_DEUTSCHE.pdf,2026-09-02T20:10:09.782143,2026-09-02T20:10:09.819777,Touchless Sales Order View (o_custom_PoExtractionResults)
CSG0152081,0001536636,SUCCESS,,,,,,2720,INABATA SINGAPORE (PTE.) LTD,CSG0152081 (1).pdf,2026-09-02T20:10:09.782143,2026-09-02T20:10:09.819777,Touchless Sales Order View (o_custom_PoExtractionResults)
M01Y-010-05326009,0001536511,SUCCESS,,,,,,2780,"LS ELECTRIC Co., Ltd.",IMPORT_PO_M01Y-010-05326009 (1).pdf,2026-09-02T20:10:09.782143,2026-09-02T20:10:09.819777,Touchless Sales Order View (o_custom_PoExtractionResults)
PH601610B,0001536637,SUCCESS,,,,,,2600,PASS & SEYMOUR/LEGRAND,body_AAMkAGEz_FW_ PH601610B Rel. 630.txt,2026-09-02T20:10:09.782143,2026-09-02T20:10:09.819777,Touchless Sales Order View (o_custom_PoExtractionResults)
PO2607000019,0001536443,SUCCESS,,,,,,2760,"Valeo Samsung Thermal Systems Co., Ltd.",[우주테크] 삼성발레오_20260714 납기 발주건 (1)_AAMkAGEz.pdf,2026-09-02T20:10:09.782143,2026-09-02T20:10:09.819777,Touchless Sales Order View (o_custom_PoExtractionResults)
VO-2026-311-000270,0001536638,SUCCESS,,,,,,2540,CEGAN s.r.o,VO-2026-311-000270.pdf,2026-09-02T20:10:09.782143,2026-09-02T20:10:09.819777,Touchless Sales Order View (o_custom_PoExtractionResults)
10906218,0001536838,SUCCESS,,,,,,2540,Bischof + Klein SE & Co. KG,B+K_Bestellung_10906218.pdf,2026-09-02T20:10:09.782143,2026-09-02T20:10:09.819777,Touchless Sales Order View (o_custom_PoExtractionResults)
121020152933,0001536598,SUCCESS,,,,,,2710,FOXCONN (KUNSHAN) COMPUTER CONNECTOR CO,c4ffd356-40bb-41e9-8115-269014d5b92d.pdf,2026-09-02T20:10:09.782143,2026-09-02T20:10:09.819777,Touchless Sales Order View (o_custom_PoExtractionResults)
1235,0001536639,SUCCESS,,,,,,2545,Ergotech SRL,Sold-to 4020000140 - Material 44240.pdf,2026-09-02T20:10:09.782143,2026-09-02T20:10:09.819777,Touchless Sales Order View (o_custom_PoExtractionResults)
26/312,0001536839,SUCCESS,,,,,,2540,"Blow Molding System, S.L",PO 26-312.pdf,2026-09-02T20:10:09.782143,2026-09-02T20:10:09.819777,Touchless Sales Order View (o_custom_PoExtractionResults)
4406342278,0001536840,SUCCESS,,,,,,2540,A. Schulman GmbH,Purchase Order 4406342278.PDF,2026-09-02T20:10:09.782143,2026-09-02T20:10:09.819777,Touchless Sales Order View (o_custom_PoExtractionResults)
4500289843,0001536640,SUCCESS,,,,,,2500,Wipak Walsrode GmbH,Wipak Walsrode (Sold-to 4020036739 - Material 38779) - ORDER TYPE KB.PDF,2026-09-02T20:10:09.782143,2026-09-02T20:10:09.819777,Touchless Sales Order View (o_custom_PoExtractionResults)
52037575,0001536723,SUCCESS,,,,,,2540,SIG Procurement AG,PO 52037575.pdf,2026-09-02T20:10:09.782143,2026-09-02T20:10:09.819777,Touchless Sales Order View (o_custom_PoExtractionResults)
EB022867,0001536641,SUCCESS,,,,,,2540,Erwin Quarder CZ s.r.o,DOC270726-27072026093722.pdf,2026-09-02T20:10:09.782143,2026-09-02T20:10:09.819777,Touchless Sales Order View (o_custom_PoExtractionResults)
10260859,0001536339,SUCCESS,,,,,,2540,Gaudlitz Precision s.r.o,"10260859 - Envalior Deutschland GmbH, G0000559-00 Durethan BKV140 H2.0 900051 DU",2026-09-02T20:10:09.782143,2026-09-02T20:10:09.819777,Touchless Sales Order View (o_custom_PoExtractionResults)
1245919,0001536642,SUCCESS,,,,,,2500,ABB Cable Management Products Ltd,Sold-to 4020028890 - Material 8756.pdf,2026-09-02T20:10:09.782143,2026-09-02T20:10:09.819777,Touchless Sales Order View (o_custom_PoExtractionResults)
2138,0001536643,SUCCESS,,,,,,2545,Ergotech SRL,Sold-to 4020000140 - Material 931.pdf,2026-09-02T20:10:09.782143,2026-09-02T20:10:09.819777,Touchless Sales Order View (o_custom_PoExtractionResults)
2600087,0001536841,SUCCESS,,,,,,2540,METROX - PLAST Sp. z o.o,Order 2600087 Durethan 5T.pdf,2026-09-02T20:10:09.782143,2026-09-02T20:10:09.819777,Touchless Sales Order View (o_custom_PoExtractionResults)
37666,0001536644,SUCCESS,,,,,,2500,STEBRO PLAST AB,Sold-to 4020032023 - Material 19277.pdf,2026-09-02T20:10:09.782143,2026-09-02T20:10:09.819777,Touchless Sales Order View (o_custom_PoExtractionResults)
4500145024,0001536842,SUCCESS,,,,,,2540,L. Brüggemann GmbH & Co. KG,Bestellung  Brueggemann.pdf,2026-09-02T20:10:09.782143,2026-09-02T20:10:09.819777,Touchless Sales Order View (o_custom_PoExtractionResults)
460029462,0001536645,SUCCESS,,,,,,2700,NAGASE SINGAPORE (PTE) LTD,460029462 POCAN BF4219 540147_AAMkAGEz.pdf,2026-09-02T20:10:09.782143,2026-09-02T20:10:09.819777,Touchless Sales Order View (o_custom_PoExtractionResults)
510 / 52037575,0001536782,SUCCESS,,,,,,2540,SIG Procurement AG,PO 52037575.pdf,2026-09-02T20:10:09.782143,2026-09-02T20:10:09.819777,Touchless Sales Order View (o_custom_PoExtractionResults)
75809,0001536646,SUCCESS,,,,,,2600,ABC Technologies (fka dlhBOWLES),_DLH_PURCHORD (1) (1)_AAMkAGEz.pdf,2026-09-02T20:10:09.782143,2026-09-02T20:10:09.819777,Touchless Sales Order View (o_custom_PoExtractionResults)
BE-25-01212,0001536599,SUCCESS,,,,,,2500,MF Folien GmbH,Bestellung BE-25-01212.pdf,2026-09-02T20:10:09.782143,2026-09-02T20:10:09.819777,Touchless Sales Order View (o_custom_PoExtractionResults)
EB022868,0001536647,SUCCESS,,,,,,2540,Erwin Quarder CZ s.r.o,DOC270726-27072026093727.pdf,2026-09-02T20:10:09.782143,2026-09-02T20:10:09.819777,Touchless Sales Order View (o_custom_PoExtractionResults)
P00QM1V,0001536445,SUCCESS,,,,,,2710,ASAHI KASEI ADVANCE CORPORATION ASAHI KASEI ADVANCE CORPORATIONPerformance Plast,9.1納品_AAMkAGEz.pdf,2026-09-02T20:10:09.782143,2026-09-02T20:10:09.819777,Touchless Sales Order View (o_custom_PoExtractionResults)
P2026070003850,0001536648,SUCCESS,,,,,,2710,"GLOBAL POLYACETAL CO., LTD.",GPAC注文書_1000030223GK101_20260721140822921_AAMkAGEz.pdf,2026-09-02T20:10:09.782143,2026-09-02T20:10:09.819777,Touchless Sales Order View (o_custom_PoExtractionResults)
P2026070003860,0001536446,SUCCESS,,,,,,2710,"GLOBAL POLYACETAL CO., LTD.",GPAC注文書_1000030223GK101_20260721140924280_AAMkAGEz.pdf,2026-09-02T20:10:09.782143,2026-09-02T20:10:09.819777,Touchless Sales Order View (o_custom_PoExtractionResults)
1013679682,0001536546,SUCCESS,,,,,,2700,上海莫仕连接器有限公司,Molex PO1013679682_20250728_031508.pdf,2026-09-02T20:10:09.782143,2026-09-02T20:10:09.819777,Touchless Sales Order View (o_custom_PoExtractionResults)
11861686,0001536547,SUCCESS,,,,,,2780,Pegasus Polymers Pte. Ltd,Purchase Order  (11861686)-1.pdf,2026-09-02T20:10:09.782143,2026-09-02T20:10:09.819777,Touchless Sales Order View (o_custom_PoExtractionResults)
121020125612,0001536548,SUCCESS,,,,,,2730,FOXCONN (KUNSHAN) COMPUTER CONNECTO,9178f76d-e7ed-4446-b17a-616ce3befa3f.pdf,2026-09-02T20:10:09.782143,2026-09-02T20:10:09.819777,Touchless Sales Order View (o_custom_PoExtractionResults)
121020132410,0001536559,SUCCESS,,,,,,2730,FOXCONN (KUNSHAN) COMPUTER CONNECTOR CO,FOXCONN (Sold-to 4020010339 - Materials 16552+47206+61262+61457)_AQMkAGEz.pdf,2026-09-02T20:10:09.782143,2026-09-02T20:10:09.819777,Touchless Sales Order View (o_custom_PoExtractionResults)
1263152,0001536549,SUCCESS,,,,,,2500,ABB Cable Management Products Ltd,Sold-to 4020028890 - Material 8756+8756+8756.pdf,2026-09-02T20:10:09.782143,2026-09-02T20:10:09.819777,Touchless Sales Order View (o_custom_PoExtractionResults)
1271104,0001536550,SUCCESS,,,,,,2500,ABB Cable Management Products Ltd,Sold-to 4020028890 - Material 8756+40696_AQMkAGEz.pdf,2026-09-02T20:10:09.782143,2026-09-02T20:10:09.819777,Touchless Sales Order View (o_custom_PoExtractionResults)
1316,0001536551,SUCCESS,,,,,,2545,Ergotech SRL,Sold-to 4020000140 - Material 934.pdf,2026-09-02T20:10:09.782143,2026-09-02T20:10:09.819777,Touchless Sales Order View (o_custom_PoExtractionResults)
135420,0001536497,SUCCESS,,,,,,2500,TER HELL Plastic GmbH,BE_135420.PDF,2026-09-02T20:10:09.782143,2026-09-02T20:10:09.819777,Touchless Sales Order View (o_custom_PoExtractionResults)
201994,0001536498,SUCCESS,,,,,,2500,Fraenkische CZ s.r.o,YYBST13D.pdf,2026-09-02T20:10:09.782143,2026-09-02T20:10:09.819777,Touchless Sales Order View (o_custom_PoExtractionResults)
4675827,0001536521,SUCCESS,,,,,,2500,Ecoform Multifol Verpackungsfolien,Ecoform Multifol (Sold-to 4020000777 - Material 11284).PDF,2026-09-02T20:10:09.782143,2026-09-02T20:10:09.819777,Touchless Sales Order View (o_custom_PoExtractionResults)
BE-25-02595,0001536555,SUCCESS,,,,,,2500,MF Folien GmbH,MF Folien (Sold-to 4020001301 - Material 60477)_AQMkAGEz.pdf,2026-09-02T20:10:09.782143,2026-09-02T20:10:09.819777,Touchless Sales Order View (o_custom_PoExtractionResults)
BE-25-02803,0001536523,SUCCESS,,,,,,2500,MF Folien GmbH,Bestellung BE-25-02803.pdf,2026-09-02T20:10:09.782143,2026-09-02T20:10:09.819777,Touchless Sales Order View (o_custom_PoExtractionResults)
BE-26-00192,0001536524,SUCCESS,,,,,,2500,MF Folien GmbH,Bestellung BE-26-00192.pdf,2026-09-02T20:10:09.782143,2026-09-02T20:10:09.819777,Touchless Sales Order View (o_custom_PoExtractionResults)
BE-26-00192,0001536525,SUCCESS,,,,,,2500,MF Folien GmbH,Bestellung BE-26-00192.pdf,2026-09-02T20:10:09.782143,2026-09-02T20:10:09.819777,Touchless Sales Order View (o_custom_PoExtractionResults)
BE-26-00859,0001536526,SUCCESS,,,,,,2500,MF Folien GmbH,Bestellung BE-26-00859.pdf,2026-09-02T20:10:09.782143,2026-09-02T20:10:09.819777,Touchless Sales Order View (o_custom_PoExtractionResults)
BE25-00763,0001536527,SUCCESS,,,,,,2500,VF Verpackungen GmbH,Niederwieser (Sold-to 4020000825 - Material 11284).pdf,2026-09-02T20:10:09.782143,2026-09-02T20:10:09.819777,Touchless Sales Order View (o_custom_PoExtractionResults)
BE25-00763,0001536528,SUCCESS,,,,,,2500,VF Verpackungen GmbH,Niederwieser (Sold-to 4020000825 - Material 11284).pdf,2026-09-02T20:10:09.782143,2026-09-02T20:10:09.819777,Touchless Sales Order View (o_custom_PoExtractionResults)
EX-1031059/26,0001536843,SUCCESS,,,,,,2545,Technoform Bautec Italia S.p.A,EX-1031059-26.pdf,2026-09-02T20:10:09.782143,2026-09-02T20:10:09.819777,Touchless Sales Order View (o_custom_PoExtractionResults)
I34/0000580,0001536515,SUCCESS,,,,,,2540,Sistemas Técnicos del Accesorio y,I34-580.pdf,2026-09-02T20:10:09.782143,2026-09-02T20:10:09.819777,Touchless Sales Order View (o_custom_PoExtractionResults)
I34/0000581,0001536649,SUCCESS,,,,,,2540,Sistemas Técnicos del Accesorio y,I34-581.pdf,2026-09-02T20:10:09.782143,2026-09-02T20:10:09.819777,Touchless Sales Order View (o_custom_PoExtractionResults)
1015132885,0001536552,SUCCESS,,,,,,2710,NIHON MOLEX,Molex+PO1015132885_20260707_013755_AAMkAGEz.pdf,2026-09-02T20:10:09.782143,2026-09-02T20:10:09.819777,Touchless Sales Order View (o_custom_PoExtractionResults)
11750120,0001536499,SUCCESS,,,,,,2720,Pegasus Polymers Pte. Ltd,Purchase Order  (11750120) (1).pdf,2026-09-02T20:10:09.782143,2026-09-02T20:10:09.819777,Touchless Sales Order View (o_custom_PoExtractionResults)
121080096386,0001536553,SUCCESS,,,,,,2700,上海金骏程新材料科技有限公司,Fuyu Electronical Technology (Sold-to 4020036720 - Material 15219)_AQMkAGEz.pdf,2026-09-02T20:10:09.782143,2026-09-02T20:10:09.819777,Touchless Sales Order View (o_custom_PoExtractionResults)
1263142,0001536554,SUCCESS,,,,,,2500,ABB Cable Management Products Ltd,Sold-to 4020028890 - Material 41450+40696_AQMkAGEz.pdf,2026-09-02T20:10:09.782143,2026-09-02T20:10:09.819777,Touchless Sales Order View (o_custom_PoExtractionResults)
4675827,0001536529,SUCCESS,,,,,,2500,Ecoform Multifol Verpackungsfolien,Ecoform Multifol (Sold-to 4020000777 - Material 11284).PDF,2026-09-02T20:10:09.782143,2026-09-02T20:10:09.819777,Touchless Sales Order View (o_custom_PoExtractionResults)
BE-25-02595,0001536530,SUCCESS,,,,,,2500,MF Folien GmbH,MF Folien (Sold-to 4020001301 - Material 60477)_AQMkAGEz.pdf,2026-09-02T20:10:09.782143,2026-09-02T20:10:09.819777,Touchless Sales Order View (o_custom_PoExtractionResults)
BE-25-02803,0001536531,SUCCESS,,,,,,2500,MF Folien GmbH,Bestellung BE-25-02803.pdf,2026-09-02T20:10:09.782143,2026-09-02T20:10:09.819777,Touchless Sales Order View (o_custom_PoExtractionResults)
BE-25-02803,0001536532,SUCCESS,,,,,,2500,MF Folien GmbH,MF Folien (Sold-to 4020001301 - Material 14885).pdf,2026-09-02T20:10:09.782143,2026-09-02T20:10:09.819777,Touchless Sales Order View (o_custom_PoExtractionResults)
BE-26-00858,0001536556,SUCCESS,,,,,,2500,MF Folien GmbH,Bestellung BE-26-00858_AQMkAGEz.pdf,2026-09-02T20:10:09.782143,2026-09-02T20:10:09.819777,Touchless Sales Order View (o_custom_PoExtractionResults)
BE-26-00858,0001536533,SUCCESS,,,,,,2500,MF Folien GmbH,Bestellung BE-26-00858.pdf,2026-09-02T20:10:09.782143,2026-09-02T20:10:09.819777,Touchless Sales Order View (o_custom_PoExtractionResults)
BE25-00763,0001536534,SUCCESS,,,,,,2500,VF Verpackungen GmbH,Niederwieser (Sold-to 4020000825 - Material 11284).pdf,2026-09-02T20:10:09.782143,2026-09-02T20:10:09.819777,Touchless Sales Order View (o_custom_PoExtractionResults)
D260317002,0001536591,SUCCESS,,,,,,2750,訊知股份有限公司 訊知股份有限公司,TYNPOD20260317002_20260728065956.816_X (1).pdf,2026-09-02T20:10:09.782143,2026-09-02T20:10:09.819777,Touchless Sales Order View (o_custom_PoExtractionResults)
P172126,0001536557,SUCCESS,,,,,,2500,Legrand Elektrik Sanayi A.S.,Sold-to 4020001469 - Material 5953+35359.pdf,2026-09-02T20:10:09.782143,2026-09-02T20:10:09.819777,Touchless Sales Order View (o_custom_PoExtractionResults)
PON-2605-0005R1,0001536600,SUCCESS,,,,,,2700,Tetro Ltd,恩骅力PON-2605-0005R1.pdf,2026-09-02T20:10:09.782143,2026-09-02T20:10:09.819777,Touchless Sales Order View (o_custom_PoExtractionResults)
VO-2026-311-000149,0001536558,SUCCESS,,,,,,2540,CEGAN s.r.o,VO-2026-311-000149_AAMkAGEz.pdf,2026-09-02T20:10:09.782143,2026-09-02T20:10:09.819777,Touchless Sales Order View (o_custom_PoExtractionResults)
121020132410,0001536535,SUCCESS,,,,,,2730,FOXCONN (KUNSHAN) COMPUTER CONNECTOR CO,FOXCONN (Sold-to 4020010339 - Materials 16552+47206+61262+61457)_AQMkAGEz.pdf,2026-09-02T20:10:09.782143,2026-09-02T20:10:09.819777,Touchless Sales Order View (o_custom_PoExtractionResults)
37667,0001536560,SUCCESS,,,,,,2500,STEBRO PLAST AB,Sold-to 4020032023 - Material 19497.pdf,2026-09-02T20:10:09.782143,2026-09-02T20:10:09.819777,Touchless Sales Order View (o_custom_PoExtractionResults)
4500090003,0001536561,SUCCESS,,,,,,2540,BOURBON Automotive Plastic Nitra,PO 4500090003_AAMkAGEz.pdf,2026-09-02T20:10:09.782143,2026-09-02T20:10:09.819777,Touchless Sales Order View (o_custom_PoExtractionResults)
66090667 OP,0001536562,SUCCESS,,,,,,2500,Parker Hannifin EMEA Sàrl,Sold-to 4020030130 - Material 40670.pdf,2026-09-02T20:10:09.782143,2026-09-02T20:10:09.819777,Touchless Sales Order View (o_custom_PoExtractionResults)
66090745 OP,0001536563,SUCCESS,,,,,,2500,Parker Hannifin EMEA Sàrl,Sold-to 4020030130 - Material 812.pdf,2026-09-02T20:10:09.782143,2026-09-02T20:10:09.819777,Touchless Sales Order View (o_custom_PoExtractionResults)
BE-25-02803,0001536536,SUCCESS,,,,,,2500,MF Folien GmbH,MF Folien (Sold-to 4020001301 - Material 14885).pdf,2026-09-02T20:10:09.782143,2026-09-02T20:10:09.819777,Touchless Sales Order View (o_custom_PoExtractionResults)
BE-26-00192,0001536537,SUCCESS,,,,,,2500,MF Folien GmbH,Bestellung BE-26-00192.pdf,2026-09-02T20:10:09.782143,2026-09-02T20:10:09.819777,Touchless Sales Order View (o_custom_PoExtractionResults)
BE-26-00192,0001536538,SUCCESS,,,,,,2500,MF Folien GmbH,Bestellung BE-26-00192.pdf,2026-09-02T20:10:09.782143,2026-09-02T20:10:09.819777,Touchless Sales Order View (o_custom_PoExtractionResults)
BE-26-00859,0001536539,SUCCESS,,,,,,2500,MF Folien GmbH,Bestellung BE-26-00859.pdf,2026-09-02T20:10:09.782143,2026-09-02T20:10:09.819777,Touchless Sales Order View (o_custom_PoExtractionResults)
BE-26-00859,0001536540,SUCCESS,,,,,,2500,MF Folien GmbH,Bestellung BE-26-00859.pdf,2026-09-02T20:10:09.782143,2026-09-02T20:10:09.819777,Touchless Sales Order View (o_custom_PoExtractionResults)
BE25-00614,0001536541,SUCCESS,,,,,,2500,VF Verpackungen GmbH,BestellungBE25-00614_20260211164808.475_X.pdf,2026-09-02T20:10:09.782143,2026-09-02T20:10:09.819777,Touchless Sales Order View (o_custom_PoExtractionResults)
BE25-00614,0001536542,SUCCESS,,,,,,2500,VF Verpackungen GmbH,BestellungBE25-00614_20260211164808.475_X.pdf,2026-09-02T20:10:09.782143,2026-09-02T20:10:09.819777,Touchless Sales Order View (o_custom_PoExtractionResults)
BE25-00614,0001536543,SUCCESS,,,,,,2500,VF Verpackungen GmbH,BestellungBE25-00614_20260211164808.475_X.pdf,2026-09-02T20:10:09.782143,2026-09-02T20:10:09.819777,Touchless Sales Order View (o_custom_PoExtractionResults)
BE25-00763,0001536544,SUCCESS,,,,,,2500,VF Verpackungen GmbH,Niederwieser (Sold-to 4020000825 - Material 11284).pdf,2026-09-02T20:10:09.782143,2026-09-02T20:10:09.819777,Touchless Sales Order View (o_custom_PoExtractionResults)
I34/0000578,0001536655,SUCCESS,,,,,,2540,Sistemas Técnicos del Accesorio y,I34-578 (1).pdf,2026-09-02T20:10:09.782143,2026-09-02T20:10:09.819777,Touchless Sales Order View (o_custom_PoExtractionResults)
P175040,0001536564,SUCCESS,,,,,,2500,Legrand Elektrik Sanayi A.S.,Sold-to 4020001469 - Material 44141.pdf,2026-09-02T20:10:09.782143,2026-09-02T20:10:09.819777,Touchless Sales Order View (o_custom_PoExtractionResults)
P176469,0001536565,SUCCESS,,,,,,2500,Legrand Elektrik Sanayi A.S.,Sold-to 4020001469 - Material 5953.pdf,2026-09-02T20:10:09.782143,2026-09-02T20:10:09.819777,Touchless Sales Order View (o_custom_PoExtractionResults)
PA2026143,0001536500,SUCCESS,,,,,,2780,Planet Asia Pte Ltd,PA2026143 Envalior Durethan ECO grade.pdf,2026-09-02T20:10:09.782143,2026-09-02T20:10:09.819777,Touchless Sales Order View (o_custom_PoExtractionResults)
PO-04900,0001536566,SUCCESS,,,,,,2700,SECO TECHNOLOGY SDN BHD,PO-04900 ENVALIOR_AAMkAGEz.pdf,2026-09-02T20:10:09.782143,2026-09-02T20:10:09.819777,Touchless Sales Order View (o_custom_PoExtractionResults)
PO27582,0001536567,SUCCESS,,,,,,2600,NEATON AUTO PRODUCTS MFG,scan_carinna.denlinger_2026-06-26-14-17-47_AAMkAGEz.pdf,2026-09-02T20:10:09.782143,2026-09-02T20:10:09.819777,Touchless Sales Order View (o_custom_PoExtractionResults)
1014235576,0001536568,SUCCESS,,,,,,2700,上海莫仕连接器有限公司,Molex PO1014235576_20251211_042446.pdf,2026-09-02T20:10:09.782143,2026-09-02T20:10:09.819777,Touchless Sales Order View (o_custom_PoExtractionResults)
121020132410,0001536545,SUCCESS,,,,,,2730,FOXCONN (KUNSHAN) COMPUTER CONNECTOR CO,FOXCONN (Sold-to 4020010339 - Materials 16552+47206+61262+61457)_AQMkAGEz.pdf,2026-09-02T20:10:09.782143,2026-09-02T20:10:09.819777,Touchless Sales Order View (o_custom_PoExtractionResults)
121080108821,0001536592,SUCCESS,,,,,,2730,Fuyu Electronical Technology (Huaian),eb64c858-c12f-442b-bc25-4903f43ad751.pdf,2026-09-02T20:10:09.782143,2026-09-02T20:10:09.819777,Touchless Sales Order View (o_custom_PoExtractionResults)
1242188,0001536569,SUCCESS,,,,,,2500,ABB Cable Management Products Ltd,Sold-to 4020028890 - Material 40696_AQMkAGEz.pdf,2026-09-02T20:10:09.782143,2026-09-02T20:10:09.819777,Touchless Sales Order View (o_custom_PoExtractionResults)
2053,0001536570,SUCCESS,,,,,,2545,Ergotech SRL,Sold-to 4020000140 - Material 966.pdf,2026-09-02T20:10:09.782143,2026-09-02T20:10:09.819777,Touchless Sales Order View (o_custom_PoExtractionResults)
37669,0001536571,SUCCESS,,,,,,2500,STEBRO PLAST AB,Sold-to 4020032023 - Material 20413.pdf,2026-09-02T20:10:09.782143,2026-09-02T20:10:09.819777,Touchless Sales Order View (o_custom_PoExtractionResults)
H266078-HEY-260602,0001536593,SUCCESS,,,,,,2701,海星科技(深圳)有限公司 海星科技(深圳)有限公司,H266078-HEY-260602.pdf,2026-09-02T20:10:09.782143,2026-09-02T20:10:09.819777,Touchless Sales Order View (o_custom_PoExtractionResults)
I34/0000576,0001536519,SUCCESS,,,,,,2540,Sistemas Técnicos del Accesorio y,I34-576.pdf,2026-09-02T20:10:09.782143,2026-09-02T20:10:09.819777,Touchless Sales Order View (o_custom_PoExtractionResults)
RA99966,0001536594,SUCCESS,,,,,,2500,Parker Hannifin EMEA Sàrl,Sold-to 4020030130 - Material 40670_AQMkAGEz.pdf,2026-09-02T20:10:09.782143,2026-09-02T20:10:09.819777,Touchless Sales Order View (o_custom_PoExtractionResults)
WSPO/2026/078,0001536501,SUCCESS,,,,,,2780,Wah Sin Industrial Pte. Ltd,ENVALIOR PO2026-078.pdf,2026-09-02T20:10:09.782143,2026-09-02T20:10:09.819777,Touchless Sales Order View (o_custom_PoExtractionResults)
1014458377,0001536583,SUCCESS,,,,,,2710,NIHON MOLEX,1014458377_AQMkAGEz.pdf,2026-09-02T20:10:09.782143,2026-09-02T20:10:09.819777,Touchless Sales Order View (o_custom_PoExtractionResults)
121020154545,0001536696,SUCCESS,,,,,,2730,FOXCONN (KUNSHAN) COMPUTER CONNECTOR CO,f59573ab-4537-4f92-9b82-cce14c0a3891.pdf,2026-09-02T20:10:09.782143,2026-09-02T20:10:09.819777,Touchless Sales Order View (o_custom_PoExtractionResults)
13227,0001536596,SUCCESS,,,,,,2540,DIAPLAST PRODUCTION,Comandă de achiziţie 13227 - ENVALIOR Deutschland GmbH.pdf,2026-09-02T20:10:09.782143,2026-09-02T20:10:09.819777,Touchless Sales Order View (o_custom_PoExtractionResults)
37668,0001536584,SUCCESS,,,,,,2500,STEBRO PLAST AB,Sold-to 4020032023 - Material 19417.pdf,2026-09-02T20:10:09.782143,2026-09-02T20:10:09.819777,Touchless Sales Order View (o_custom_PoExtractionResults)
4504063626,0001536577,SUCCESS,,,,,,2710,BANDO KAGAKU,4504063626.pdf,2026-09-02T20:10:09.782143,2026-09-02T20:10:09.819777,Touchless Sales Order View (o_custom_PoExtractionResults)
852915,0001536585,SUCCESS,,,,,,2540,Plastor S.A,852915 Envalior_AAMkAGEz.pdf,2026-09-02T20:10:09.782143,2026-09-02T20:10:09.819777,Touchless Sales Order View (o_custom_PoExtractionResults)
9141078815,0001536697,SUCCESS,,,,,,2545,ALFAGOMMA HYDRAULIC SPA,ODA_9141078815_ENVALIOR ITALY SRL.pdf,2026-09-02T20:10:09.782143,2026-09-02T20:10:09.819777,Touchless Sales Order View (o_custom_PoExtractionResults)
BE25-00764,0001536578,SUCCESS,,,,,,2500,VF Verpackungen GmbH,Niederwieser (Sold-to 4020000825 - Material 8677).pdf,2026-09-02T20:10:09.782143,2026-09-02T20:10:09.819777,Touchless Sales Order View (o_custom_PoExtractionResults)
H266864-HEY-260616,0001536586,SUCCESS,,,,,,2701,海星科技(深圳)有限公司 海星科技(深圳)有限公司,H266864-HEY-260616.pdf,2026-09-02T20:10:09.782143,2026-09-02T20:10:09.819777,Touchless Sales Order View (o_custom_PoExtractionResults)
I34/0000577,0001536650,SUCCESS,,,,,,2540,Sistemas Técnicos del Accesorio y,I34-577.pdf,2026-09-02T20:10:09.782143,2026-09-02T20:10:09.819777,Touchless Sales Order View (o_custom_PoExtractionResults)
佰鑫20260624新订单,0001536722,SUCCESS,,,,,,2700,上海佰鑫新材料科技有限公司 上海佰鑫新材料科技有限公司,佰鑫20260624新订单.xls,2026-09-02T20:10:09.782143,2026-09-02T20:10:09.819777,Touchless Sales Order View (o_custom_PoExtractionResults)
121020153848,0001536579,SUCCESS,,,,,,2730,FOXCONN (KUNSHAN) COMPUTER CONNECTOR CO,1946d8e6-ae6d-4aee-8dc1-2d80ce27e7c9.pdf,2026-09-02T20:10:09.782143,2026-09-02T20:10:09.819777,Touchless Sales Order View (o_custom_PoExtractionResults)
121080096833,0001536587,SUCCESS,,,,,,2700,上海金骏程新材料科技有限公司,Fuyu Electronical Technology (Sold-to 4020036720 - Material 48029)_AQMkAGEz.pdf,2026-09-02T20:10:09.782143,2026-09-02T20:10:09.819777,Touchless Sales Order View (o_custom_PoExtractionResults)
121080096837,0001536588,SUCCESS,,,,,,2730,Fuyu Electronical Technology (Huaia,dc85616a-fe9d-4b5c-a902-f43b3eb7b485.pdf,2026-09-02T20:10:09.782143,2026-09-02T20:10:09.819777,Touchless Sales Order View (o_custom_PoExtractionResults)
135796,0001536844,SUCCESS,,,,,,2500,TER HELL Plastic GmbH,BE_135796.PDF,2026-09-02T20:10:09.782143,2026-09-02T20:10:09.819777,Touchless Sales Order View (o_custom_PoExtractionResults)
41247,0001536601,SUCCESS,,,,,,2500,STEBRO PLAST AB,Purchase order 41247.pdf,2026-09-02T20:10:09.782143,2026-09-02T20:10:09.819777,Touchless Sales Order View (o_custom_PoExtractionResults)
4500029730,0001536602,SUCCESS,,,,,,2540,"CRW Slovakia, s.r.o",4500029730 ENVALIOR.pdf,2026-09-02T20:10:09.782143,2026-09-02T20:10:09.819777,Touchless Sales Order View (o_custom_PoExtractionResults)
4500217703,0001536603,SUCCESS,,,,,,2540,Ducati Energia Romania S.A,4500217703.pdf,2026-09-02T20:10:09.782143,2026-09-02T20:10:09.819777,Touchless Sales Order View (o_custom_PoExtractionResults)
4504165004,0001536604,SUCCESS,,,,,,2710,BANDO KAGAKU BANDO KAGAKUDENDO JIGYOBU DENDO JIGYOBU,4504165004_20260721040217.001_X_AAMkAGEz.pdf,2026-09-02T20:10:09.782143,2026-09-02T20:10:09.819777,Touchless Sales Order View (o_custom_PoExtractionResults)
60003956,0001536605,SUCCESS,,,,,,2500,Parker Hannifin EMEA Sàrl,Sold-to 4020030130 - Material 17263.pdf,2026-09-02T20:10:09.782143,2026-09-02T20:10:09.819777,Touchless Sales Order View (o_custom_PoExtractionResults)
66090712 OP,0001536606,SUCCESS,,,,,,2500,Parker Hannifin EMEA Sàrl,Sold-to 4020030130 - Material 17263_AQMkAGEz.pdf,2026-09-02T20:10:09.782143,2026-09-02T20:10:09.819777,Touchless Sales Order View (o_custom_PoExtractionResults)
EB022692,0001536607,SUCCESS,,,,,,2500,Erwin Quarder CZ s.r.o,DOC010626-01062026071456_AAMkAGEz.pdf,2026-09-02T20:10:09.782143,2026-09-02T20:10:09.819777,Touchless Sales Order View (o_custom_PoExtractionResults)
P176476,0001536608,SUCCESS,,,,,,2500,Legrand Elektrik Sanayi A.S.,Sold-to 4020001469 - Material 32814.pdf,2026-09-02T20:10:09.782143,2026-09-02T20:10:09.819777,Touchless Sales Order View (o_custom_PoExtractionResults)
P177081,0001536609,SUCCESS,,,,,,2500,Legrand Elektrik Sanayi A.S.,Sold-to 4020001469 - Material 32814+42143+44141.pdf,2026-09-02T20:10:09.782143,2026-09-02T20:10:09.819777,Touchless Sales Order View (o_custom_PoExtractionResults)
1014235554,0001536610,SUCCESS,,,,,,2700,上海莫仕连接器有限公司,Molex PO1014235554_20251211_042406.pdf,2026-09-02T20:10:09.782143,2026-09-02T20:10:09.819777,Touchless Sales Order View (o_custom_PoExtractionResults)
121020151578,0001536580,SUCCESS,,,,,,2730,FOXCONN (KUNSHAN) COMPUTER CONNECTOR CO,8681d03d-8a45-4086-b45f-eaff1375fc8c_AAMkAGEz.pdf,2026-09-02T20:10:09.782143,2026-09-02T20:10:09.819777,Touchless Sales Order View (o_custom_PoExtractionResults)
302323-AMP,0001536611,SUCCESS,,,,,,2600,EVCO PLASTICS,302323-AMP (1)_AAMkAGEz.pdf,2026-09-02T20:10:09.782143,2026-09-02T20:10:09.819777,Touchless Sales Order View (o_custom_PoExtractionResults)
41246,0001536612,SUCCESS,,,,,,2500,STEBRO PLAST AB,Purchase order 41246.pdf,2026-09-02T20:10:09.782143,2026-09-02T20:10:09.819777,Touchless Sales Order View (o_custom_PoExtractionResults)
450012469,0001536503,SUCCESS,,,,,,2780,Nagase Singapore (Pte) Ltd,450012469 Pocan (2).pdf,2026-09-02T20:10:09.782143,2026-09-02T20:10:09.819777,Touchless Sales Order View (o_custom_PoExtractionResults)
4500297688,0001536613,SUCCESS,,,,,,2500,Wipak Walsrode GmbH,"Wipak Purchase Order 4500297688, 500009, 08.01.202_AQMkAGEz.PDF",2026-09-02T20:10:09.782143,2026-09-02T20:10:09.819777,Touchless Sales Order View (o_custom_PoExtractionResults)
4674421,0001536581,SUCCESS,,,,,,2500,Ecoform Multifol Verpackungsfolien,"SÜDPACK-Bestellung4674421,vom26.11.2025_20260212081032.720_X.pdf",2026-09-02T20:10:09.782143,2026-09-02T20:10:09.819777,Touchless Sales Order View (o_custom_PoExtractionResults)
516,0001536656,SUCCESS,,,,,,2545,LOGITAL SRL A SOCIO UNICO,OA LOGITAL NO 516-2026 (3).pdf,2026-09-02T20:10:09.782143,2026-09-02T20:10:09.819777,Touchless Sales Order View (o_custom_PoExtractionResults)
BE-26-00587,0001536614,SUCCESS,,,,,,2500,MF Folien GmbH,Bestellung BE-26-00587_AQMkAGEz.pdf,2026-09-02T20:10:09.782143,2026-09-02T20:10:09.819777,Touchless Sales Order View (o_custom_PoExtractionResults)
SZM260565,0001536615,SUCCESS,,,,,,2540,Siroma Plast Kft,SZM260565.pdf,2026-09-02T20:10:09.782143,2026-09-02T20:10:09.819777,Touchless Sales Order View (o_custom_PoExtractionResults)
41204,0001536616,SUCCESS,,,,,,2500,STEBRO PLAST AB,Purchase order 41204.pdf,2026-09-02T20:10:09.782143,2026-09-02T20:10:09.819777,Touchless Sales Order View (o_custom_PoExtractionResults)
4503206365,0001536617,SUCCESS,,,,,,2710,"TORAY INTERNATIONAL, INC. OSAKA",4503206365.pdf,2026-09-02T20:10:09.782143,2026-09-02T20:10:09.819777,Touchless Sales Order View (o_custom_PoExtractionResults)
733444,0001536618,SUCCESS,,,,,,2540,Reinert Kunststofftechnik srl,20260727_Order 733444_100437.pdf,2026-09-02T20:10:09.782143,2026-09-02T20:10:09.819777,Touchless Sales Order View (o_custom_PoExtractionResults)
933/26,0001536505,SUCCESS,,,,,,2545,Caminada s.r.l,ENVALIOR - ORD. 933.26.PDF,2026-09-02T20:10:09.782143,2026-09-02T20:10:09.819777,Touchless Sales Order View (o_custom_PoExtractionResults)
ASOS Order September,0001536703,SUCCESS,,,,,,2561,Stelt. Meststoffen B.V,ASOS Test Scenario 1 Excel.xlsx,2026-09-02T20:10:09.782143,2026-09-02T20:10:09.819777,Touchless Sales Order View (o_custom_PoExtractionResults)
D260320001,0001536619,SUCCESS,,,,,,2750,訊知股份有限公司 訊知股份有限公司,TYNPOD20260320001_20260728070042.596_X (1).pdf,2026-09-02T20:10:09.782143,2026-09-02T20:10:09.819777,Touchless Sales Order View (o_custom_PoExtractionResults)
H260761-HEY-260309,0001536620,SUCCESS,,,,,,2701,海星科技(深圳)有限公司 海星科技(深圳)有限公司,H260761-HEY-260309R2.pdf,2026-09-02T20:10:09.782143,2026-09-02T20:10:09.819777,Touchless Sales Order View (o_custom_PoExtractionResults)
I34/0000579,0001536651,SUCCESS,,,,,,2540,Sistemas Técnicos del Accesorio y,I34-579.pdf,2026-09-02T20:10:09.782143,2026-09-02T20:10:09.819777,Touchless Sales Order View (o_custom_PoExtractionResults)
P176477,0001536621,SUCCESS,,,,,,2500,Legrand Elektrik Sanayi A.S.,Sold-to 4020001469 - Material 42143.pdf,2026-09-02T20:10:09.782143,2026-09-02T20:10:09.819777,Touchless Sales Order View (o_custom_PoExtractionResults)
